judge,pH,R,G,B,RGB_within_range
error,3.5,175,174,148,True
error,3.5,185,177,128,True
error,3.5,182,176,131,True
error,3.5,176,173,129,True
error,3.5,182,178,134,True
error,3.5,182,180,142,True
error,3.5,171,173,140,True
error,3.5,176,176,139,True
error,3.5,172,176,146,True
error,3.5,177,176,146,True
error,3.5,173,164,127,True
error,3.5,172,170,141,True
error,3.5,162,153,117,False
error,3.5,205,199,163,False
error,3.5,171,158,123,True
error,3.5,181,163,109,False
error,3.5,172,165,128,True
error,3.5,167,163,125,True
error,3.5,166,164,127,True
error,3.5,172,161,120,True
error,3.5,183,173,121,True
error,3.5,170,172,141,True
error,3.5,186,180,146,True
error,3.5,175,174,142,True
error,3.5,184,185,155,True
error,3.5,208,208,180,False
error,3.5,184,181,147,True
error,3.5,177,176,141,True
error,3.5,175,178,154,True
error,3.5,175,175,144,True
error,3.5,187,182,138,True
error,3.5,181,178,137,True
error,3.5,189,184,147,True
error,3.5,182,178,136,True
error,3.5,179,180,150,True
error,3.5,190,184,144,True
error,3.5,176,184,160,False
error,3.5,180,182,146,True
error,3.5,178,179,142,True
error,3.5,186,182,138,True
error,3.5,184,179,134,True
error,3.5,182,181,141,True
error,3.5,184,177,128,True
error,3.5,183,178,135,True
error,3.5,182,177,130,True
error,3.5,185,179,132,True
error,3.5,180,178,136,True
error,3.5,186,180,130,True
error,3.5,183,177,128,True
error,3.5,183,179,136,True
error,3.5,170,166,137,True
error,3.5,157,161,147,False
error,3.5,157,158,141,False
error,3.5,170,166,140,True
error,3.5,167,164,142,True
error,3.5,170,165,138,True
error,3.5,176,167,128,True
error,3.5,176,166,131,True
error,3.5,173,166,132,True
error,3.5,168,168,142,True
error,3.5,163,167,150,True
error,3.5,165,159,135,True
error,3.5,175,168,134,True
error,3.5,177,168,130,True
error,3.5,176,169,141,True
error,3.5,175,169,142,True
error,3.5,177,166,137,True
error,3.5,173,169,147,True
error,3.5,176,168,142,True
error,3.5,173,168,145,True
error,3.5,171,171,146,True
error,3.5,169,156,122,True
error,3.5,180,169,137,True
error,3.5,179,168,138,True
error,3.5,180,167,132,True
error,3.5,173,172,142,True
error,3.5,172,172,139,True
error,3.5,171,167,132,True
error,3.5,172,172,146,True
error,3.5,175,173,141,True
error,3.5,177,162,119,True
error,3.5,164,156,130,True
error,3.5,165,175,158,True
error,3.5,176,175,146,True
error,3.5,169,173,146,True
error,3.5,177,172,142,True
error,3.5,181,163,116,True
error,3.5,181,164,119,True
error,3.5,182,164,116,True
error,3.5,182,164,117,True
error,3.5,163,163,139,True
error,3.5,165,159,133,True
error,3.5,183,164,115,True
error,3.5,168,162,137,True
error,3.5,165,163,140,True
error,3.5,171,163,131,True
error,3.5,175,162,125,True
error,3.5,157,158,141,False
error,3.5,168,161,134,True
error,3.5,161,158,131,True
error,3.6,181,173,126,True
error,3.6,168,171,141,True
error,3.6,168,172,144,True
error,3.6,170,171,137,True
error,3.6,170,171,136,True
error,3.6,169,171,139,True
error,3.6,174,171,132,True
error,3.6,174,172,133,True
error,3.6,172,172,135,True
error,3.6,172,171,137,True
error,3.6,185,182,164,True
error,3.6,168,167,145,True
error,3.6,238,254,239,False
error,3.6,169,172,148,True
error,3.6,240,251,232,False
error,3.6,241,254,218,False
error,3.6,218,223,201,False
error,3.6,200,191,153,True
error,3.6,188,184,164,True
error,3.6,240,244,245,False
error,3.6,188,182,139,True
error,3.6,175,189,161,True
error,3.6,169,180,164,True
error,3.6,175,178,147,True
error,3.6,176,181,152,True
error,3.6,177,181,153,True
error,3.6,176,179,152,True
error,3.6,183,181,142,True
error,3.6,168,177,156,True
error,3.6,171,179,159,True
error,3.6,171,174,139,True
error,3.6,171,171,134,True
error,3.6,172,172,131,True
error,3.6,172,173,143,True
error,3.6,172,175,139,True
error,3.6,172,173,137,True
error,3.6,170,172,142,True
error,3.6,166,168,138,True
error,3.6,170,174,141,True
error,3.6,173,171,133,True
error,3.6,152,151,135,True
error,3.6,176,169,135,True
error,3.6,161,155,121,True
error,3.6,185,173,129,True
error,3.6,164,158,121,True
error,3.6,148,154,139,False
error,3.6,157,154,123,True
error,3.6,154,153,128,True
error,3.6,164,157,116,True
error,3.6,153,157,132,True
error,3.6,192,180,134,True
error,3.6,177,178,146,True
error,3.6,178,177,146,True
error,3.6,177,178,153,True
error,3.6,182,178,142,True
error,3.6,181,178,144,True
error,3.6,196,179,124,True
error,3.6,193,180,132,True
error,3.6,190,181,140,True
error,3.6,198,179,125,True
error,3.6,180,185,156,True
error,3.6,181,184,151,True
error,3.6,187,183,142,True
error,3.6,181,184,153,True
error,3.6,180,183,151,True
error,3.6,182,186,152,True
error,3.6,177,185,158,True
error,3.6,179,184,158,True
error,3.6,184,187,155,True
error,3.6,180,184,150,True
error,3.6,179,178,137,True
error,3.6,183,178,136,True
error,3.6,177,174,131,True
error,3.6,180,179,138,True
error,3.6,178,176,135,True
error,3.6,179,176,138,True
error,3.6,178,177,138,True
error,3.6,177,175,134,True
error,3.6,180,176,136,True
error,3.6,182,177,136,True
error,3.6,181,176,129,True
error,3.6,182,174,124,True
error,3.6,182,175,127,True
error,3.6,187,176,120,True
error,3.6,184,176,127,True
error,3.6,186,176,123,True
error,3.6,188,175,117,True
error,3.6,182,175,126,True
error,3.6,181,176,134,True
error,3.6,182,176,130,True
error,3.6,190,178,129,True
error,3.6,185,173,122,True
error,3.6,192,174,115,True
error,3.6,186,177,130,True
error,3.6,189,176,125,True
error,3.6,188,177,126,True
error,3.6,185,175,124,True
error,3.6,187,176,126,True
error,3.6,184,179,130,True
error,3.6,185,177,132,True
error,3.7,174,169,126,True
error,3.7,154,158,137,True
error,3.7,172,177,152,True
error,3.7,172,179,156,True
error,3.7,178,182,153,True
error,3.7,178,179,141,True
error,3.7,176,177,143,True
error,3.7,180,179,150,True
error,3.7,178,177,147,True
error,3.7,175,166,116,True
error,3.7,177,177,142,True
error,3.7,177,175,144,True
error,3.7,155,157,133,True
error,3.7,170,161,118,True
error,3.7,169,165,125,True
error,3.7,173,166,123,True
error,3.7,174,167,122,True
error,3.7,177,165,115,True
error,3.7,177,166,122,True
error,3.7,180,176,136,True
error,3.7,179,163,108,True
error,3.7,177,161,106,True
error,3.7,177,165,123,True
error,3.7,182,168,117,True
error,3.7,156,173,156,True
error,3.7,187,168,100,False
error,3.7,170,162,119,True
error,3.7,172,165,122,True
error,3.7,177,161,111,True
error,3.7,180,163,107,True
error,3.7,173,168,136,True
error,3.7,173,170,141,True
error,3.7,153,166,159,True
error,3.7,160,167,151,True
error,3.7,160,168,152,True
error,3.7,158,167,154,True
error,3.7,160,166,143,True
error,3.7,154,163,152,True
error,3.7,165,167,134,True
error,3.7,170,167,127,True
error,3.7,180,173,131,True
error,3.7,176,173,136,True
error,3.7,178,172,140,True
error,3.7,159,177,168,True
error,3.7,173,176,153,True
error,3.7,171,179,154,True
error,3.7,162,174,152,True
error,3.7,180,174,135,True
error,3.7,199,166,96,False
error,3.7,178,173,133,True
error,3.7,154,155,139,True
error,3.7,165,152,120,False
error,3.7,165,153,125,True
error,3.7,158,152,128,False
error,3.7,160,153,120,True
error,3.7,154,153,127,True
error,3.7,154,152,127,False
error,3.7,150,153,134,True
error,3.7,161,155,127,True
error,3.7,161,156,132,True
error,3.7,170,181,172,True
error,3.7,169,175,159,True
error,3.7,167,172,161,True
error,3.7,175,175,156,True
error,3.7,182,179,155,True
error,3.7,181,177,153,True
error,3.7,178,177,156,True
error,3.7,168,182,175,True
error,3.7,166,179,170,True
error,3.7,179,181,164,True
error,3.7,178,175,154,True
error,3.7,181,172,145,True
error,3.7,175,174,161,True
error,3.7,174,173,159,True
error,3.7,163,176,174,True
error,3.7,169,175,166,True
error,3.7,175,173,159,True
error,3.7,168,174,161,True
error,3.7,171,171,159,True
error,3.7,176,175,153,True
error,3.7,167,164,146,True
error,3.7,140,161,179,False
error,3.7,145,163,171,False
error,3.7,146,160,169,False
error,3.7,172,163,140,True
error,3.7,173,163,136,True
error,3.7,174,165,141,True
error,3.7,167,162,144,True
error,3.7,168,163,146,True
error,3.7,170,164,146,True
error,3.7,168,169,143,True
error,3.7,156,163,156,True
error,3.7,163,167,158,True
error,3.7,178,166,128,True
error,3.7,174,166,138,True
error,3.7,165,166,153,True
error,3.7,155,165,158,True
error,3.7,175,166,132,True
error,3.7,170,167,147,True
error,3.7,174,167,134,True
error,3.8,163,167,140,True
error,3.8,168,168,138,True
error,3.8,171,168,127,True
error,3.8,156,166,149,True
error,3.8,177,167,129,True
error,3.8,175,163,123,True
error,3.8,186,162,98,False
error,3.8,162,162,123,True
error,3.8,164,164,129,True
error,3.8,171,166,136,True
error,3.8,172,166,133,True
error,3.8,169,165,133,True
error,3.8,162,166,144,True
error,3.8,169,168,133,True
error,3.8,171,167,129,True
error,3.8,167,166,136,True
error,3.8,171,167,138,True
error,3.8,176,165,124,True
error,3.8,170,168,146,True
error,3.8,165,162,134,True
error,3.8,171,166,134,True
error,3.8,173,168,140,True
error,3.8,154,152,131,True
error,3.8,160,154,124,True
error,3.8,161,157,130,True
error,3.8,206,211,207,False
error,3.8,167,166,143,True
error,3.8,177,160,120,True
error,3.8,145,168,174,True
error,3.8,171,165,131,True
error,3.8,174,165,109,True
error,3.8,176,163,101,False
error,3.8,168,175,154,True
error,3.8,172,176,144,True
error,3.8,159,170,155,True
error,3.8,163,167,140,True
error,3.8,173,165,125,True
error,3.8,173,167,131,True
error,3.8,167,164,132,True
error,3.8,170,165,131,True
error,3.8,178,169,130,True
error,3.8,146,178,181,False
error,3.8,160,166,145,True
error,3.8,172,170,136,True
error,3.8,165,168,143,True
error,3.8,172,169,133,True
error,3.8,168,166,132,True
error,3.8,169,166,131,True
error,3.8,164,164,133,True
error,3.8,166,166,139,True
error,3.8,160,163,164,True
error,3.8,150,158,159,True
error,3.8,142,159,175,True
error,3.8,142,160,175,True
error,3.8,151,158,161,True
error,3.8,153,165,171,True
error,3.8,169,156,141,True
error,3.8,150,162,169,True
error,3.8,163,162,154,True
error,3.8,147,158,166,True
error,3.8,168,165,152,True
error,3.8,170,162,143,True
error,3.8,138,160,186,False
error,3.8,156,166,162,True
error,3.8,152,159,161,True
error,3.8,143,160,179,False
error,3.8,182,162,126,True
error,3.8,171,162,140,True
error,3.8,179,165,134,True
error,3.8,170,163,144,True
error,3.8,167,150,124,True
error,3.8,148,148,148,True
error,3.8,149,151,144,True
error,3.8,161,151,132,True
error,3.8,146,155,152,True
error,3.8,147,149,147,True
error,3.8,147,148,148,True
error,3.8,158,149,140,True
error,3.8,142,150,157,True
error,3.8,156,152,136,True
error,3.8,153,125,113,False
error,3.8,157,156,147,True
error,3.8,162,157,144,True
error,3.8,158,156,143,True
error,3.8,145,153,166,True
error,3.8,161,159,149,True
error,3.8,154,160,158,True
error,3.8,169,159,132,True
error,3.8,194,190,191,False
error,3.8,163,134,122,False
error,3.8,173,152,125,True
error,3.8,177,155,131,True
error,3.8,171,155,132,True
error,3.8,174,154,123,True
error,3.8,169,154,132,True
error,3.8,176,155,125,True
error,3.8,174,155,131,True
error,3.8,172,154,125,True
error,3.8,177,156,123,True
error,3.8,171,153,132,True
error,3.9,159,170,171,True
error,3.9,149,168,181,False
error,3.9,137,151,165,False
error,3.9,149,157,158,True
error,3.9,162,162,137,True
error,3.9,146,157,162,True
error,3.9,167,157,121,True
error,3.9,147,152,151,True
error,3.9,161,154,123,True
error,3.9,180,179,157,False
error,3.9,180,160,109,True
error,3.9,178,155,95,False
error,3.9,155,170,177,False
error,3.9,167,166,151,True
error,3.9,164,166,153,True
error,3.9,156,170,178,False
error,3.9,163,171,167,True
error,3.9,190,182,147,False
error,3.9,179,178,154,False
error,3.9,145,152,153,True
error,3.9,171,152,122,True
error,3.9,171,163,137,True
error,3.9,151,149,146,True
error,3.9,156,150,139,True
error,3.9,166,151,124,True
error,3.9,168,151,128,True
error,3.9,172,149,117,True
error,3.9,173,151,117,True
error,3.9,180,149,107,True
error,3.9,170,152,124,True
error,3.9,184,152,100,False
error,3.9,169,157,134,True
error,3.9,159,151,136,True
error,3.9,158,160,157,True
error,3.9,166,161,147,True
error,3.9,166,167,152,True
error,3.9,164,155,129,True
error,3.9,159,157,150,True
error,3.9,171,158,133,True
error,3.9,167,154,134,True
error,3.9,150,159,168,True
error,3.9,167,162,138,True
error,3.9,140,152,165,False
error,3.9,161,160,144,True
error,3.9,146,156,166,True
error,3.9,151,156,162,True
error,3.9,159,158,147,True
error,3.9,161,159,144,True
error,3.9,171,158,129,True
error,3.9,162,162,148,True
error,3.9,171,152,122,True
error,3.9,150,149,148,True
error,3.9,151,149,146,True
error,3.9,156,150,139,True
error,3.9,166,151,124,True
error,3.9,168,151,128,True
error,3.9,172,149,117,True
error,3.9,173,151,117,True
error,3.9,180,149,107,True
error,3.9,170,152,124,True
error,3.9,171,166,142,True
error,3.9,171,163,137,True
error,3.9,168,161,137,True
error,3.9,170,163,142,True
error,3.9,168,163,144,True
error,3.9,179,160,131,True
error,3.9,184,166,128,True
error,3.9,177,165,141,True
error,3.9,169,168,148,True
error,3.9,163,165,154,True
error,3.9,177,156,114,True
error,3.9,145,151,150,True
error,3.9,159,155,134,True
error,3.9,163,155,128,True
error,3.9,158,154,141,True
error,3.9,160,155,135,True
error,3.9,158,155,138,True
error,3.9,165,153,127,True
error,3.9,167,155,129,True
error,3.9,167,154,125,True
error,3.9,168,163,139,True
error,3.9,172,156,125,True
error,3.9,157,155,148,True
error,3.9,162,159,141,True
error,3.9,153,155,150,True
error,3.9,156,156,146,True
error,3.9,168,160,137,True
error,3.9,164,159,144,True
error,3.9,154,156,153,True
error,3.9,170,163,136,True
error,3.9,189,189,173,False
error,3.9,168,164,131,True
error,3.9,166,169,138,True
error,3.9,175,170,142,True
error,3.9,170,170,148,True
error,3.9,170,173,157,True
error,3.9,170,173,151,True
error,3.9,169,173,157,True
error,3.9,177,176,154,True
error,3.9,187,187,162,False
error,4.0,167,174,160,True
error,4.0,172,173,143,True
error,4.0,233,254,245,False
error,4.0,235,249,229,False
error,4.0,242,254,224,False
error,4.0,208,210,207,False
error,4.0,228,243,239,False
error,4.0,231,240,229,False
error,4.0,230,238,233,False
error,4.0,170,171,142,True
error,4.0,228,228,211,False
error,4.0,230,228,215,False
error,4.0,164,169,143,True
error,4.0,169,172,144,True
error,4.0,173,176,143,True
error,4.0,172,173,141,True
error,4.0,172,176,154,True
error,4.0,173,176,153,True
error,4.0,176,173,143,True
error,4.0,224,230,221,False
error,4.0,175,165,125,True
error,4.0,171,165,131,True
error,4.0,171,168,138,True
error,4.0,174,168,134,True
error,4.0,178,165,121,True
error,4.0,177,168,131,True
error,4.0,173,166,135,True
error,4.0,178,167,124,True
error,4.0,171,165,129,True
error,4.0,186,166,116,True
error,4.0,144,142,129,True
error,4.0,150,145,135,True
error,4.0,153,151,131,True
error,4.0,150,139,111,True
error,4.0,160,141,113,True
error,4.0,150,140,127,True
error,4.0,154,143,133,True
error,4.0,156,144,127,True
error,4.0,157,146,121,True
error,4.0,153,147,129,True
error,4.0,159,160,140,True
error,4.0,167,162,129,True
error,4.0,158,162,146,True
error,4.0,166,169,146,True
error,4.0,173,163,125,True
error,4.0,163,161,137,True
error,4.0,171,162,128,True
error,4.0,161,159,141,True
error,4.0,147,159,157,True
error,4.0,170,158,119,True
error,4.0,167,173,156,True
error,4.0,161,172,167,True
error,4.0,164,170,158,True
error,4.0,168,172,149,True
error,4.0,177,172,138,True
error,4.0,181,172,130,True
error,4.0,180,174,137,True
error,4.0,168,174,156,True
error,4.0,167,174,156,True
error,4.0,170,174,151,True
error,4.0,176,183,164,True
error,4.0,186,185,161,True
error,4.0,185,180,151,True
error,4.0,187,183,153,True
error,4.0,185,184,155,True
error,4.0,177,183,164,True
error,4.0,176,177,151,True
error,4.0,181,181,158,True
error,4.0,178,181,157,True
error,4.0,180,181,155,True
error,4.0,165,166,140,True
error,4.0,170,166,133,True
error,4.0,173,166,126,True
error,4.0,177,167,127,True
error,4.0,175,165,127,True
error,4.0,160,164,140,True
error,4.0,169,168,138,True
error,4.0,170,165,134,True
error,4.0,172,166,129,True
error,4.0,167,167,140,True
error,4.0,172,174,146,True
error,4.0,178,177,148,True
error,4.0,180,173,132,True
error,4.0,164,173,158,True
error,4.0,174,174,147,True
error,4.0,171,171,147,True
error,4.0,185,175,132,True
error,4.0,169,174,150,True
error,4.0,173,175,151,True
error,4.0,169,172,152,True
error,4.0,173,160,134,True
error,4.0,171,162,136,True
error,4.0,175,158,131,True
error,4.0,180,161,127,True
error,4.0,172,159,132,True
error,4.0,168,160,137,True
error,4.0,168,159,138,True
error,4.0,173,161,136,True
error,4.0,172,161,139,True
error,4.0,171,158,136,True
error,4.1,179,164,115,True
error,4.1,164,172,153,True
error,4.1,168,175,170,True
error,4.1,175,174,156,True
error,4.1,177,173,151,True
error,4.1,155,172,178,True
error,4.1,163,171,160,True
error,4.1,177,170,140,True
error,4.1,170,169,149,True
error,4.1,172,166,137,True
error,4.1,183,176,148,True
error,4.1,176,169,138,True
error,4.1,165,163,128,True
error,4.1,162,157,128,True
error,4.1,154,150,132,True
error,4.1,160,161,150,True
error,4.1,181,167,115,True
error,4.1,161,164,152,True
error,4.1,188,167,111,False
error,4.1,175,175,156,True
error,4.1,188,163,115,False
error,4.1,184,167,128,True
error,4.1,182,171,135,True
error,4.1,167,169,155,True
error,4.1,170,170,152,True
error,4.1,178,176,144,True
error,4.1,172,172,145,True
error,4.1,179,173,138,True
error,4.1,150,178,187,True
error,4.1,156,169,167,True
error,4.1,156,154,133,True
error,4.1,154,152,131,True
error,4.1,150,153,144,True
error,4.1,152,154,139,True
error,4.1,152,154,140,True
error,4.1,149,153,145,True
error,4.1,159,151,127,True
error,4.1,161,154,126,True
error,4.1,162,153,125,True
error,4.1,164,155,124,True
error,4.1,168,159,136,True
error,4.1,169,158,132,True
error,4.1,163,160,132,True
error,4.1,165,155,129,True
error,4.1,160,153,125,True
error,4.1,175,161,110,False
error,4.1,174,161,114,True
error,4.1,158,156,142,True
error,4.1,155,155,142,True
error,4.1,167,160,125,True
error,4.1,165,156,141,True
error,4.1,156,151,148,True
error,4.1,156,152,145,True
error,4.1,156,153,153,True
error,4.1,142,155,171,True
error,4.1,144,153,159,True
error,4.1,149,152,165,True
error,4.1,162,155,146,True
error,4.1,162,158,151,True
error,4.1,166,155,134,True
error,4.1,149,155,164,True
error,4.1,162,154,147,True
error,4.1,160,154,148,True
error,4.1,164,155,147,True
error,4.1,145,155,170,True
error,4.1,159,154,148,True
error,4.1,154,155,156,True
error,4.1,153,154,158,True
error,4.1,148,154,164,True
error,4.1,149,156,166,True
error,4.1,154,149,144,True
error,4.1,144,149,159,True
error,4.1,153,151,152,True
error,4.1,150,148,147,True
error,4.1,153,149,145,True
error,4.1,153,150,149,True
error,4.1,153,150,148,True
error,4.1,136,150,166,False
error,4.1,146,150,158,True
error,4.1,151,150,151,True
error,4.1,149,168,190,False
error,4.1,150,157,166,True
error,4.1,158,164,169,True
error,4.1,160,166,171,True
error,4.1,156,161,168,True
error,4.1,156,163,171,True
error,4.1,154,166,182,True
error,4.1,157,168,181,True
error,4.1,151,167,182,True
error,4.1,155,166,176,True
error,4.1,168,176,182,True
error,4.1,176,178,181,True
error,4.1,184,179,169,True
error,4.1,181,172,160,True
error,4.1,179,181,176,False
error,4.1,173,178,182,True
error,4.1,168,177,187,True
error,4.1,170,175,182,True
error,4.1,176,179,180,True
error,4.1,172,175,178,True
error,4.2,146,156,170,True
error,4.2,154,149,133,True
error,4.2,159,145,124,True
error,4.2,149,148,139,True
error,4.2,145,148,144,True
error,4.2,166,156,131,True
error,4.2,150,157,156,True
error,4.2,162,161,145,True
error,4.2,168,155,126,True
error,4.2,146,143,142,False
error,4.2,176,154,106,True
error,4.2,176,152,109,True
error,4.2,144,148,149,True
error,4.2,146,149,149,True
error,4.2,142,146,154,True
error,4.2,200,155,80,False
error,4.2,142,153,167,True
error,4.2,167,154,124,True
error,4.2,132,154,182,False
error,4.2,168,158,119,True
error,4.2,165,155,134,True
error,4.2,175,162,115,True
error,4.2,162,153,133,True
error,4.2,157,152,137,True
error,4.2,151,157,158,True
error,4.2,165,165,148,False
error,4.2,168,166,140,False
error,4.2,170,158,129,True
error,4.2,179,157,120,True
error,4.2,179,159,116,True
error,4.2,150,149,133,True
error,4.2,173,152,95,False
error,4.2,181,147,84,False
error,4.2,164,149,108,True
error,4.2,161,147,107,True
error,4.2,155,147,109,True
error,4.2,162,148,111,True
error,4.2,164,151,114,True
error,4.2,158,150,122,True
error,4.2,170,149,99,False
error,4.2,148,159,155,True
error,4.2,164,157,138,True
error,4.2,153,157,153,True
error,4.2,174,167,140,False
error,4.2,170,167,139,False
error,4.2,171,161,132,True
error,4.2,182,155,111,False
error,4.2,176,156,124,True
error,4.2,154,154,147,True
error,4.2,157,162,155,True
error,4.2,166,155,143,True
error,4.2,142,150,161,True
error,4.2,156,154,154,True
error,4.2,152,154,161,True
error,4.2,168,152,137,True
error,4.2,164,153,144,True
error,4.2,166,155,142,True
error,4.2,162,154,149,True
error,4.2,165,153,143,True
error,4.2,156,154,159,True
error,4.2,146,149,157,True
error,4.2,169,146,128,True
error,4.2,164,148,135,True
error,4.2,164,146,125,True
error,4.2,169,148,130,True
error,4.2,170,149,132,True
error,4.2,155,145,142,True
error,4.2,149,147,153,True
error,4.2,148,146,151,True
error,4.2,148,148,155,True
error,4.2,147,151,159,True
error,4.2,159,151,140,True
error,4.2,151,150,150,True
error,4.2,157,154,149,True
error,4.2,148,151,159,True
error,4.2,152,154,153,True
error,4.2,164,154,139,True
error,4.2,154,154,149,True
error,4.2,156,154,148,True
error,4.2,147,150,156,True
error,4.2,154,156,167,True
error,4.2,155,154,161,True
error,4.2,163,158,160,True
error,4.2,168,160,154,True
error,4.2,165,160,158,True
error,4.2,166,159,152,True
error,4.2,164,157,153,True
error,4.2,167,158,155,True
error,4.2,155,157,169,True
error,4.2,160,157,162,True
error,4.2,149,152,159,True
error,4.2,151,155,164,True
error,4.2,148,154,164,True
error,4.2,151,155,162,True
error,4.2,150,154,165,True
error,4.2,151,154,162,True
error,4.2,149,155,164,True
error,4.2,155,155,160,True
error,4.2,151,154,163,True
error,4.2,142,152,171,True
error,4.3,152,161,163,True
error,4.3,152,155,154,True
error,4.3,157,139,121,True
error,4.3,144,137,137,True
error,4.3,148,141,137,True
error,4.3,151,142,131,True
error,4.3,156,141,122,True
error,4.3,156,143,126,True
error,4.3,151,143,133,True
error,4.3,162,157,141,True
error,4.3,146,141,136,True
error,4.3,166,144,101,False
error,4.3,150,165,170,True
error,4.3,146,164,176,True
error,4.3,155,167,170,True
error,4.3,152,166,171,True
error,4.3,149,167,178,True
error,4.3,157,167,165,True
error,4.3,157,167,161,True
error,4.3,141,140,141,True
error,4.3,155,158,155,True
error,4.3,160,160,159,True
error,4.3,172,162,142,True
error,4.3,173,172,151,True
error,4.3,169,170,153,True
error,4.3,167,171,159,True
error,4.3,165,169,162,True
error,4.3,156,166,166,True
error,4.3,161,159,147,True
error,4.3,164,158,138,True
error,4.3,152,157,153,True
error,4.3,151,154,150,True
error,4.3,166,159,131,True
error,4.3,162,162,144,True
error,4.3,152,162,153,True
error,4.3,147,155,149,True
error,4.3,153,155,147,True
error,4.3,160,156,138,True
error,4.3,158,154,132,True
error,4.3,158,153,134,True
error,4.3,175,159,108,False
error,4.3,162,157,139,True
error,4.3,165,155,117,True
error,4.3,165,156,120,True
error,4.3,166,158,123,True
error,4.3,173,157,112,True
error,4.3,168,154,125,True
error,4.3,166,155,129,True
error,4.3,158,153,132,True
error,4.3,173,158,110,False
error,4.3,155,144,139,True
error,4.3,167,167,181,False
error,4.3,151,146,150,True
error,4.3,162,145,135,True
error,4.3,152,145,143,True
error,4.3,154,144,139,True
error,4.3,148,142,145,True
error,4.3,153,145,147,True
error,4.3,155,146,142,True
error,4.3,147,145,154,True
error,4.3,174,169,156,True
error,4.3,181,172,154,True
error,4.3,187,174,148,False
error,4.3,176,174,163,True
error,4.3,182,177,160,False
error,4.3,180,173,154,True
error,4.3,180,174,157,True
error,4.3,181,174,158,True
error,4.3,180,172,155,True
error,4.3,184,171,148,False
error,4.3,166,148,132,True
error,4.3,162,151,141,True
error,4.3,165,153,141,True
error,4.3,172,154,133,True
error,4.3,167,152,135,True
error,4.3,162,155,150,True
error,4.3,168,155,145,True
error,4.3,163,149,138,True
error,4.3,169,153,136,True
error,4.3,170,155,138,True
error,4.3,145,152,162,True
error,4.3,136,152,173,False
error,4.3,146,151,162,True
error,4.3,142,150,161,True
error,4.3,147,152,163,True
error,4.3,142,152,168,True
error,4.3,155,153,152,True
error,4.3,144,149,160,True
error,4.3,141,150,168,True
error,4.3,146,151,158,True
error,4.3,159,135,123,True
error,4.3,151,137,137,True
error,4.3,146,136,144,True
error,4.3,147,135,139,True
error,4.3,144,135,143,True
error,4.3,158,136,132,True
error,4.3,163,136,120,True
error,4.3,162,135,117,True
error,4.3,163,133,115,True
error,4.3,158,133,122,True
error,4.4,167,156,132,True
error,4.4,187,157,103,True
error,4.4,159,156,138,True
error,4.4,159,151,134,True
error,4.4,173,155,125,True
error,4.4,162,152,132,True
error,4.4,147,149,150,True
error,4.4,161,150,128,True
error,4.4,159,147,118,True
error,4.4,167,158,131,True
error,4.4,182,154,96,False
error,4.4,176,153,104,True
error,4.4,177,160,127,True
error,4.4,167,161,142,True
error,4.4,157,154,146,True
error,4.4,167,156,131,True
error,4.4,158,155,146,True
error,4.4,159,153,141,True
error,4.4,167,155,131,True
error,4.4,186,153,85,False
error,4.4,163,159,140,True
error,4.4,155,156,149,True
error,4.4,173,163,125,True
error,4.4,175,161,130,True
error,4.4,172,160,122,True
error,4.4,173,161,126,True
error,4.4,178,163,124,True
error,4.4,168,160,130,True
error,4.4,175,162,126,True
error,4.4,173,162,125,True
error,4.4,169,157,130,True
error,4.4,183,155,105,True
error,4.4,170,151,125,True
error,4.4,168,151,112,True
error,4.4,166,158,124,True
error,4.4,167,155,134,True
error,4.4,183,154,106,True
error,4.4,168,153,125,True
error,4.4,182,155,106,True
error,4.4,184,154,108,True
error,4.4,156,148,133,True
error,4.4,154,155,150,True
error,4.4,172,151,100,True
error,4.4,168,147,111,True
error,4.4,155,153,147,True
error,4.4,152,153,151,True
error,4.4,164,157,140,True
error,4.4,158,155,141,True
error,4.4,184,152,97,False
error,4.4,177,150,108,True
error,4.4,153,139,140,True
error,4.4,150,135,136,True
error,4.4,151,135,129,True
error,4.4,146,135,140,True
error,4.4,145,136,143,True
error,4.4,154,135,130,True
error,4.4,160,138,125,True
error,4.4,153,137,132,True
error,4.4,146,136,139,True
error,4.4,150,135,136,True
error,4.4,145,140,150,True
error,4.4,145,140,150,True
error,4.4,141,141,160,True
error,4.4,149,141,149,True
error,4.4,150,142,149,True
error,4.4,144,142,157,True
error,4.4,157,145,142,True
error,4.4,153,144,146,True
error,4.4,150,141,147,True
error,4.4,154,143,145,True
error,4.4,162,157,157,True
error,4.4,161,158,157,True
error,4.4,157,158,164,True
error,4.4,161,157,157,True
error,4.4,163,157,155,True
error,4.4,171,158,147,True
error,4.4,163,157,153,True
error,4.4,159,157,155,True
error,4.4,163,157,152,True
error,4.4,164,157,150,True
error,4.4,147,143,145,True
error,4.4,150,139,137,True
error,4.4,153,142,142,True
error,4.4,152,142,142,True
error,4.4,143,136,136,True
error,4.4,145,137,141,True
error,4.4,213,196,190,False
error,4.4,209,205,213,False
error,4.4,204,201,203,False
error,4.4,183,177,175,False
error,4.4,159,143,140,True
error,4.4,148,142,147,True
error,4.4,150,143,147,True
error,4.4,157,144,142,True
error,4.4,152,143,146,True
error,4.4,150,142,147,True
error,4.4,151,143,145,True
error,4.4,156,145,144,True
error,4.4,152,142,146,True
error,4.4,155,143,143,True
error,4.5,167,160,144,True
error,4.5,172,161,134,True
error,4.5,165,142,115,True
error,4.5,161,143,118,True
error,4.5,166,145,125,True
error,4.5,171,145,119,True
error,4.5,165,146,125,True
error,4.5,156,160,164,True
error,4.5,170,163,142,False
error,4.5,150,157,166,True
error,4.5,164,145,120,True
error,4.5,167,146,119,True
error,4.5,161,162,148,True
error,4.5,174,157,129,True
error,4.5,165,160,145,True
error,4.5,166,160,139,True
error,4.5,158,160,149,True
error,4.5,174,152,124,True
error,4.5,174,147,114,True
error,4.5,164,146,128,True
error,4.5,156,149,140,True
error,4.5,155,147,142,True
error,4.5,152,145,137,True
error,4.5,158,150,147,True
error,4.5,157,149,144,True
error,4.5,157,150,146,True
error,4.5,155,148,147,True
error,4.5,154,147,143,True
error,4.5,156,151,146,True
error,4.5,158,152,145,True
error,4.5,148,154,159,True
error,4.5,154,159,162,True
error,4.5,177,153,112,False
error,4.5,179,150,109,False
error,4.5,160,147,135,True
error,4.5,154,155,154,True
error,4.5,146,152,165,True
error,4.5,174,155,124,True
error,4.5,156,155,149,True
error,4.5,148,155,164,True
error,4.5,166,151,129,True
error,4.5,164,150,128,True
error,4.5,164,146,119,True
error,4.5,174,150,110,True
error,4.5,166,148,120,True
error,4.5,161,147,131,True
error,4.5,171,151,119,True
error,4.5,173,152,119,True
error,4.5,168,153,128,True
error,4.5,165,150,130,True
error,4.5,142,140,150,True
error,4.5,150,140,144,True
error,4.5,151,140,143,True
error,4.5,147,140,148,True
error,4.5,142,140,156,True
error,4.5,162,140,127,True
error,4.5,151,137,137,True
error,4.5,150,141,143,True
error,4.5,145,140,148,True
error,4.5,134,137,160,False
error,4.5,159,144,138,True
error,4.5,164,144,134,True
error,4.5,157,145,142,True
error,4.5,165,147,135,True
error,4.5,163,146,136,True
error,4.5,151,143,150,True
error,4.5,153,143,148,True
error,4.5,156,145,145,True
error,4.5,164,143,130,True
error,4.5,156,144,146,True
error,4.5,160,130,117,True
error,4.5,150,126,119,False
error,4.5,149,127,125,False
error,4.5,149,124,119,False
error,4.5,153,126,117,False
error,4.5,152,126,119,False
error,4.5,153,125,115,False
error,4.5,150,125,119,False
error,4.5,154,129,127,True
error,4.5,157,131,122,True
error,4.5,139,138,153,True
error,4.5,149,141,150,True
error,4.5,140,141,159,True
error,4.5,145,139,154,True
error,4.5,138,140,161,True
error,4.5,144,140,152,True
error,4.5,147,140,148,True
error,4.5,146,140,148,True
error,4.5,138,139,156,True
error,4.5,140,139,155,True
error,4.5,148,139,146,True
error,4.5,148,140,149,True
error,4.5,152,142,146,True
error,4.5,152,140,142,True
error,4.5,162,143,132,True
error,4.5,158,141,137,True
error,4.5,151,138,139,True
error,4.5,155,142,142,True
error,4.5,154,142,141,True
error,4.5,152,141,144,True
error,4.6,156,152,144,True
error,4.6,154,154,147,True
error,4.6,161,148,138,True
error,4.6,162,147,128,True
error,4.6,169,150,121,True
error,4.6,163,150,129,True
error,4.6,165,151,129,True
error,4.6,165,152,127,True
error,4.6,161,150,135,True
error,4.6,156,154,151,True
error,4.6,154,152,155,True
error,4.6,152,153,162,True
error,4.6,137,151,167,True
error,4.6,136,150,170,True
error,4.6,154,154,149,True
error,4.6,155,151,147,True
error,4.6,145,150,160,True
error,4.6,150,155,160,True
error,4.6,153,152,144,True
error,4.6,167,157,144,True
error,4.6,178,153,115,False
error,4.6,175,153,116,False
error,4.6,173,156,128,True
error,4.6,181,156,122,False
error,4.6,181,157,124,False
error,4.6,169,155,134,True
error,4.6,173,155,126,True
error,4.6,171,157,133,True
error,4.6,175,156,124,False
error,4.6,168,152,134,True
error,4.6,160,144,122,True
error,4.6,154,145,134,True
error,4.6,158,141,124,True
error,4.6,159,143,117,False
error,4.6,163,144,124,True
error,4.6,161,146,132,True
error,4.6,160,146,132,True
error,4.6,162,145,128,True
error,4.6,160,146,133,True
error,4.6,162,147,134,True
error,4.6,159,158,156,True
error,4.6,158,159,161,False
error,4.6,160,152,144,True
error,4.6,159,156,152,True
error,4.6,152,156,163,True
error,4.6,158,159,161,False
error,4.6,156,157,161,True
error,4.6,150,154,165,True
error,4.6,161,157,153,True
error,4.6,156,156,161,True
error,4.6,157,147,142,True
error,4.6,146,148,161,True
error,4.6,139,145,167,True
error,4.6,151,148,155,True
error,4.6,137,144,166,True
error,4.6,141,144,159,True
error,4.6,144,145,158,True
error,4.6,140,146,164,True
error,4.6,145,147,157,True
error,4.6,144,149,161,True
error,4.6,153,145,144,True
error,4.6,146,148,162,True
error,4.6,144,141,149,True
error,4.6,156,145,142,True
error,4.6,149,144,152,True
error,4.6,151,145,150,True
error,4.6,154,146,148,True
error,4.6,150,145,152,True
error,4.6,155,145,140,True
error,4.6,152,147,150,True
error,4.6,148,144,152,True
error,4.6,145,144,157,True
error,4.6,145,146,157,True
error,4.6,144,145,155,True
error,4.6,152,149,149,True
error,4.6,150,147,152,True
error,4.6,149,146,152,True
error,4.6,150,147,151,True
error,4.6,146,146,156,True
error,4.6,148,145,152,True
error,4.6,157,145,143,True
error,4.6,147,145,152,True
error,4.6,151,145,147,True
error,4.6,149,146,151,True
error,4.6,148,145,152,True
error,4.6,151,145,152,True
error,4.6,155,147,145,True
error,4.6,143,144,156,True
error,4.6,152,146,147,True
error,4.6,148,144,151,True
error,4.6,144,151,165,True
error,4.6,152,146,152,True
error,4.6,155,151,157,True
error,4.6,145,148,164,True
error,4.6,146,150,166,True
error,4.6,153,149,158,True
error,4.6,155,150,154,True
error,4.6,143,151,169,True
error,4.6,143,150,165,True
error,4.6,148,149,161,True
error,4.7,156,130,116,True
error,4.7,246,244,230,False
error,4.7,156,155,156,True
error,4.7,160,155,152,True
error,4.7,163,152,139,True
error,4.7,156,155,156,True
error,4.7,163,155,143,True
error,4.7,157,155,155,True
error,4.7,159,155,152,True
error,4.7,232,230,230,False
error,4.7,160,154,150,True
error,4.7,162,156,149,True
error,4.7,247,245,235,False
error,4.7,242,241,242,False
error,4.7,237,236,239,False
error,4.7,247,239,233,False
error,4.7,235,232,239,False
error,4.7,231,228,223,False
error,4.7,128,112,101,True
error,4.7,160,154,147,True
error,4.7,147,139,135,True
error,4.7,150,139,135,True
error,4.7,127,120,117,True
error,4.7,145,136,141,True
error,4.7,141,129,133,True
error,4.7,146,131,134,True
error,4.7,144,131,131,True
error,4.7,139,131,138,True
error,4.7,147,135,137,True
error,4.7,152,135,125,True
error,4.7,178,159,130,True
error,4.7,166,160,146,True
error,4.7,151,142,134,True
error,4.7,177,153,125,True
error,4.7,165,151,129,True
error,4.7,155,153,142,True
error,4.7,185,162,128,True
error,4.7,186,161,127,True
error,4.7,165,160,146,True
error,4.7,174,161,140,True
error,4.7,156,159,156,True
error,4.7,157,153,146,True
error,4.7,159,155,152,True
error,4.7,158,156,156,True
error,4.7,160,157,155,True
error,4.7,157,159,166,True
error,4.7,164,155,145,True
error,4.7,156,159,160,True
error,4.7,163,156,152,True
error,4.7,153,153,156,True
error,4.7,147,144,155,True
error,4.7,146,143,157,True
error,4.7,146,142,150,True
error,4.7,147,144,154,True
error,4.7,145,143,155,True
error,4.7,149,144,152,True
error,4.7,145,143,155,True
error,4.7,150,145,152,True
error,4.7,145,143,155,True
error,4.7,152,144,147,True
error,4.7,160,143,142,True
error,4.7,157,140,136,True
error,4.7,163,145,143,True
error,4.7,161,144,140,True
error,4.7,165,144,136,True
error,4.7,158,144,142,True
error,4.7,159,144,145,True
error,4.7,160,145,140,True
error,4.7,159,144,137,True
error,4.7,157,142,144,True
error,4.7,150,145,155,True
error,4.7,160,144,141,True
error,4.7,158,144,146,True
error,4.7,160,143,141,True
error,4.7,158,144,146,True
error,4.7,157,145,150,True
error,4.7,149,144,158,True
error,4.7,151,146,160,True
error,4.7,150,147,161,True
error,4.7,152,144,151,True
error,4.7,162,152,150,True
error,4.7,153,154,164,True
error,4.7,156,154,159,True
error,4.7,156,150,150,True
error,4.7,148,152,168,True
error,4.7,155,150,155,True
error,4.7,151,152,164,True
error,4.7,153,152,162,True
error,4.7,153,154,166,True
error,4.7,167,152,142,True
error,4.7,154,146,151,True
error,4.7,148,148,158,True
error,4.7,150,146,152,True
error,4.7,152,146,153,True
error,4.7,156,147,150,True
error,4.7,155,149,153,True
error,4.7,150,142,147,True
error,4.7,151,148,157,True
error,4.7,151,146,154,True
error,4.7,155,147,148,True
danger,4.8,150,153,165,True
danger,4.8,152,153,160,True
danger,4.8,153,150,152,True
danger,4.8,155,151,151,True
danger,4.8,153,152,157,True
danger,4.8,156,151,148,True
danger,4.8,158,149,140,True
danger,4.8,154,152,155,True
danger,4.8,158,152,147,True
danger,4.8,151,155,167,True
danger,4.8,172,152,121,True
danger,4.8,167,150,127,True
danger,4.8,152,155,165,True
danger,4.8,152,156,167,True
danger,4.8,153,154,165,True
danger,4.8,153,155,163,True
danger,4.8,157,158,161,True
danger,4.8,175,159,138,True
danger,4.8,166,159,150,True
danger,4.8,158,152,149,True
danger,4.8,219,203,193,False
danger,4.8,177,161,149,True
danger,4.8,210,193,179,False
danger,4.8,228,219,224,False
danger,4.8,236,230,232,False
danger,4.8,230,226,232,False
danger,4.8,242,237,242,False
danger,4.8,230,228,238,False
danger,4.8,236,232,235,False
danger,4.8,237,230,230,False
danger,4.8,172,157,140,True
danger,4.8,168,156,144,True
danger,4.8,165,159,153,True
danger,4.8,168,155,139,True
danger,4.8,167,157,145,True
danger,4.8,168,157,143,True
danger,4.8,169,154,136,True
danger,4.8,172,158,135,True
danger,4.8,173,156,134,True
danger,4.8,173,155,133,True
danger,4.8,149,150,157,True
danger,4.8,152,151,157,True
danger,4.8,158,152,151,True
danger,4.8,157,152,153,True
danger,4.8,159,152,150,True
danger,4.8,157,152,153,True
danger,4.8,152,152,159,True
danger,4.8,157,153,151,True
danger,4.8,154,153,159,True
danger,4.8,159,153,150,True
danger,4.8,159,143,137,True
danger,4.8,153,144,154,True
danger,4.8,152,146,154,True
danger,4.8,154,144,147,True
danger,4.8,154,146,151,True
danger,4.8,150,144,153,True
danger,4.8,155,145,148,True
danger,4.8,154,145,149,True
danger,4.8,149,145,157,True
danger,4.8,148,144,155,True
danger,4.8,152,146,154,True
danger,4.8,151,143,153,True
danger,4.8,150,146,156,True
danger,4.8,155,144,151,True
danger,4.8,156,145,146,True
danger,4.8,149,143,151,True
danger,4.8,151,144,152,True
danger,4.8,154,144,151,True
danger,4.8,152,146,154,True
danger,4.8,160,146,142,True
danger,4.8,154,138,140,True
danger,4.8,156,137,135,True
danger,4.8,151,136,141,True
danger,4.8,153,135,133,True
danger,4.8,153,135,133,True
danger,4.8,158,136,134,True
danger,4.8,156,139,139,True
danger,4.8,157,139,138,True
danger,4.8,158,140,138,True
danger,4.8,158,140,139,True
danger,4.8,146,134,141,True
danger,4.8,151,134,137,True
danger,4.8,151,135,136,True
danger,4.8,149,133,138,True
danger,4.8,145,134,141,True
danger,4.8,147,132,138,True
danger,4.8,147,134,140,True
danger,4.8,147,133,140,True
danger,4.8,149,134,137,True
danger,4.8,149,134,136,True
danger,4.8,154,147,153,True
danger,4.8,149,142,151,True
danger,4.8,154,143,150,True
danger,4.8,155,142,146,True
danger,4.8,160,145,145,True
danger,4.8,158,146,144,True
danger,4.8,152,140,145,True
danger,4.8,149,144,154,True
danger,4.8,155,146,149,True
danger,4.8,156,147,147,True
danger,4.9,167,159,150,True
danger,4.9,150,157,172,False
danger,4.9,146,133,136,True
danger,4.9,156,143,145,True
danger,4.9,155,144,141,True
danger,4.9,156,144,139,True
danger,4.9,158,144,143,True
danger,4.9,163,149,142,True
danger,4.9,161,149,142,True
danger,4.9,147,155,173,False
danger,4.9,171,151,128,True
danger,4.9,164,148,133,True
danger,4.9,150,158,174,False
danger,4.9,151,157,171,True
danger,4.9,148,157,175,False
danger,4.9,164,157,148,True
danger,4.9,155,156,159,True
danger,4.9,157,159,164,True
danger,4.9,168,158,147,True
danger,4.9,159,149,142,True
danger,4.9,170,145,122,True
danger,4.9,170,145,125,True
danger,4.9,157,143,136,True
danger,4.9,167,148,129,True
danger,4.9,165,145,125,True
danger,4.9,165,145,132,True
danger,4.9,158,139,124,True
danger,4.9,155,150,151,True
danger,4.9,167,153,140,True
danger,4.9,172,149,127,True
danger,4.9,161,146,138,True
danger,4.9,159,147,143,True
danger,4.9,152,140,140,True
danger,4.9,148,144,154,True
danger,4.9,150,139,136,True
danger,4.9,152,147,153,True
danger,4.9,155,146,148,True
danger,4.9,156,142,135,True
danger,4.9,150,141,141,True
danger,4.9,158,144,138,True
danger,4.9,149,142,149,True
danger,4.9,151,143,148,True
danger,4.9,184,167,163,False
danger,4.9,155,143,150,True
danger,4.9,151,135,133,True
danger,4.9,143,138,151,True
danger,4.9,149,138,142,True
danger,4.9,141,140,154,True
danger,4.9,150,142,146,True
danger,4.9,146,143,154,True
danger,4.9,153,138,141,True
danger,4.9,146,134,142,True
danger,4.9,150,135,141,True
danger,4.9,156,140,142,True
danger,4.9,151,138,145,True
danger,4.9,155,137,135,True
danger,4.9,151,137,141,True
danger,4.9,150,135,143,True
danger,4.9,153,137,138,True
danger,4.9,154,136,135,True
danger,4.9,181,173,168,False
danger,4.9,183,175,169,False
danger,4.9,184,177,169,False
danger,4.9,181,175,170,False
danger,4.9,181,174,170,False
danger,4.9,179,175,175,False
danger,4.9,183,176,172,False
danger,4.9,185,176,168,False
danger,4.9,184,173,164,False
danger,4.9,177,170,167,False
danger,4.9,153,134,132,True
danger,4.9,149,134,134,True
danger,4.9,149,133,138,True
danger,4.9,157,131,127,True
danger,4.9,150,135,136,True
danger,4.9,153,135,135,True
danger,4.9,151,133,135,True
danger,4.9,164,136,122,True
danger,4.9,150,136,142,True
danger,4.9,152,133,131,True
danger,4.9,155,137,137,True
danger,4.9,152,136,140,True
danger,4.9,154,137,143,True
danger,4.9,152,136,140,True
danger,4.9,152,135,141,True
danger,4.9,150,135,144,True
danger,4.9,151,137,144,True
danger,4.9,159,140,139,True
danger,4.9,152,138,145,True
danger,4.9,155,137,142,True
danger,4.9,151,140,146,True
danger,4.9,154,139,143,True
danger,4.9,153,139,139,True
danger,4.9,153,141,143,True
danger,4.9,153,141,144,True
danger,4.9,152,141,146,True
danger,4.9,150,141,150,True
danger,4.9,150,142,151,True
danger,4.9,152,140,143,True
danger,4.9,148,141,151,True
danger,5.0,174,154,127,True
danger,5.0,181,160,135,True
danger,5.0,160,154,154,True
danger,5.0,156,153,157,True
danger,5.0,157,156,157,True
danger,5.0,163,148,131,True
danger,5.0,160,147,136,True
danger,5.0,156,146,142,True
danger,5.0,158,145,137,True
danger,5.0,162,161,165,True
danger,5.0,161,148,142,True
danger,5.0,156,146,140,True
danger,5.0,168,163,162,True
danger,5.0,165,160,157,True
danger,5.0,164,161,162,True
danger,5.0,167,160,158,True
danger,5.0,168,155,143,True
danger,5.0,171,160,142,True
danger,5.0,164,153,144,True
danger,5.0,160,146,137,True
danger,5.0,143,134,140,True
danger,5.0,143,134,139,True
danger,5.0,245,249,250,False
danger,5.0,244,248,241,False
danger,5.0,180,170,179,True
danger,5.0,149,139,141,True
danger,5.0,237,231,234,False
danger,5.0,135,123,132,True
danger,5.0,147,134,137,True
danger,5.0,149,135,135,True
danger,5.0,154,147,145,True
danger,5.0,157,149,141,True
danger,5.0,153,144,140,True
danger,5.0,150,146,149,True
danger,5.0,151,147,149,True
danger,5.0,154,145,140,True
danger,5.0,159,147,135,True
danger,5.0,153,146,145,True
danger,5.0,155,146,142,True
danger,5.0,154,146,143,True
danger,5.0,159,143,132,True
danger,5.0,156,141,131,True
danger,5.0,157,139,127,True
danger,5.0,156,138,126,True
danger,5.0,155,139,129,True
danger,5.0,153,138,130,True
danger,5.0,155,140,130,True
danger,5.0,154,141,134,True
danger,5.0,157,138,125,True
danger,5.0,154,137,125,True
danger,5.0,164,146,139,True
danger,5.0,152,146,152,True
danger,5.0,154,145,152,True
danger,5.0,155,144,146,True
danger,5.0,156,146,150,True
danger,5.0,159,146,146,True
danger,5.0,160,146,141,True
danger,5.0,159,145,141,True
danger,5.0,161,147,141,True
danger,5.0,162,148,143,True
danger,5.0,156,140,141,True
danger,5.0,158,143,146,True
danger,5.0,159,142,141,True
danger,5.0,159,143,145,True
danger,5.0,156,140,141,True
danger,5.0,160,141,139,True
danger,5.0,161,142,139,True
danger,5.0,155,140,143,True
danger,5.0,157,143,146,True
danger,5.0,160,144,145,True
danger,5.0,150,140,145,True
danger,5.0,153,140,142,True
danger,5.0,149,138,142,True
danger,5.0,151,139,143,True
danger,5.0,150,138,142,True
danger,5.0,150,139,145,True
danger,5.0,151,140,146,True
danger,5.0,152,139,145,True
danger,5.0,152,140,147,True
danger,5.0,149,140,148,True
danger,5.0,157,139,140,True
danger,5.0,153,140,148,True
danger,5.0,148,138,150,True
danger,5.0,156,140,144,True
danger,5.0,152,138,145,True
danger,5.0,158,139,139,True
danger,5.0,156,138,140,True
danger,5.0,156,141,146,True
danger,5.0,158,140,142,True
danger,5.0,159,140,140,True
danger,5.0,160,138,136,True
danger,5.0,161,138,134,True
danger,5.0,160,137,133,True
danger,5.0,164,138,129,True
danger,5.0,162,139,134,True
danger,5.0,163,140,136,True
danger,5.0,158,139,139,True
danger,5.0,161,142,142,True
danger,5.0,165,140,132,True
danger,5.0,156,138,141,True
danger,5.1,123,105,120,False
danger,5.1,133,120,134,False
danger,5.1,148,138,146,True
danger,5.1,147,138,146,True
danger,5.1,147,138,148,True
danger,5.1,148,139,149,True
danger,5.1,150,138,144,True
danger,5.1,150,136,142,True
danger,5.1,151,137,139,True
danger,5.1,133,118,131,False
danger,5.1,148,135,143,True
danger,5.1,150,137,141,True
danger,5.1,133,112,122,False
danger,5.1,141,117,124,False
danger,5.1,146,116,111,False
danger,5.1,175,131,92,False
danger,5.1,128,115,133,False
danger,5.1,129,108,115,False
danger,5.1,136,121,144,True
danger,5.1,148,136,140,True
danger,5.1,151,140,144,True
danger,5.1,150,137,138,True
danger,5.1,149,139,144,True
danger,5.1,155,141,141,True
danger,5.1,154,142,145,True
danger,5.1,149,137,140,True
danger,5.1,152,142,148,True
danger,5.1,148,138,143,True
danger,5.1,150,139,143,True
danger,5.1,151,138,139,True
danger,5.1,148,139,149,True
danger,5.1,150,141,151,True
danger,5.1,149,140,147,True
danger,5.1,149,139,151,True
danger,5.1,148,137,147,True
danger,5.1,148,135,144,True
danger,5.1,149,136,144,True
danger,5.1,150,136,144,True
danger,5.1,146,138,146,True
danger,5.1,146,138,146,True
danger,5.1,145,131,144,True
danger,5.1,146,130,142,True
danger,5.1,147,137,135,True
danger,5.1,147,137,134,True
danger,5.1,147,136,133,True
danger,5.1,148,137,133,True
danger,5.1,143,126,135,True
danger,5.1,144,126,131,True
danger,5.1,149,132,141,True
danger,5.1,142,129,143,True
danger,5.1,155,138,143,True
danger,5.1,155,135,136,True
danger,5.1,150,136,147,True
danger,5.1,159,137,134,True
danger,5.1,153,135,137,True
danger,5.1,155,136,140,True
danger,5.1,156,138,141,True
danger,5.1,161,140,141,True
danger,5.1,152,138,146,True
danger,5.1,152,136,141,True
danger,5.1,165,151,148,True
danger,5.1,164,150,146,True
danger,5.1,164,151,150,True
danger,5.1,164,152,151,True
danger,5.1,163,151,150,True
danger,5.1,164,152,152,True
danger,5.1,160,149,150,True
danger,5.1,163,152,153,True
danger,5.1,164,150,146,True
danger,5.1,160,150,153,True
danger,5.1,157,144,147,True
danger,5.1,157,146,152,True
danger,5.1,155,146,154,True
danger,5.1,156,146,153,True
danger,5.1,157,145,149,True
danger,5.1,161,147,148,True
danger,5.1,158,145,147,True
danger,5.1,154,144,150,True
danger,5.1,154,144,150,True
danger,5.1,156,145,150,True
danger,5.1,170,153,146,True
danger,5.1,166,151,151,True
danger,5.1,168,153,148,True
danger,5.1,172,153,148,True
danger,5.1,167,154,153,True
danger,5.1,168,154,151,True
danger,5.1,166,155,156,True
danger,5.1,166,152,150,True
danger,5.1,168,154,152,True
danger,5.1,170,152,147,True
danger,5.1,158,146,146,True
danger,5.1,158,146,145,True
danger,5.1,157,146,147,True
danger,5.1,157,148,152,True
danger,5.1,157,147,149,True
danger,5.1,158,148,149,True
danger,5.1,161,148,146,True
danger,5.1,160,146,142,True
danger,5.1,166,150,144,True
danger,5.1,157,145,144,True
danger,5.2,217,196,210,False
danger,5.2,143,118,126,True
danger,5.2,156,145,146,True
danger,5.2,156,145,145,True
danger,5.2,156,145,143,True
danger,5.2,156,145,146,True
danger,5.2,155,147,149,True
danger,5.2,158,148,149,True
danger,5.2,151,143,145,True
danger,5.2,127,99,103,False
danger,5.2,154,143,146,True
danger,5.2,149,142,147,True
danger,5.2,142,118,127,True
danger,5.2,133,109,117,True
danger,5.2,124,98,106,False
danger,5.2,179,156,168,True
danger,5.2,225,210,226,False
danger,5.2,245,237,244,False
danger,5.2,214,196,213,False
danger,5.2,155,145,146,True
danger,5.2,161,146,141,True
danger,5.2,162,147,142,True
danger,5.2,158,139,131,True
danger,5.2,160,140,129,True
danger,5.2,159,139,130,True
danger,5.2,158,139,132,True
danger,5.2,159,141,132,True
danger,5.2,162,141,131,True
danger,5.2,161,141,132,True
danger,5.2,162,143,132,True
danger,5.2,147,140,153,True
danger,5.2,146,139,152,True
danger,5.2,141,132,149,True
danger,5.2,141,133,144,True
danger,5.2,143,132,141,True
danger,5.2,140,130,141,True
danger,5.2,140,134,153,True
danger,5.2,151,139,146,True
danger,5.2,144,138,153,True
danger,5.2,143,139,157,True
danger,5.2,141,131,142,True
danger,5.2,140,129,140,True
danger,5.2,143,131,148,True
danger,5.2,141,128,140,True
danger,5.2,150,131,131,True
danger,5.2,144,137,158,True
danger,5.2,152,143,152,True
danger,5.2,140,130,144,True
danger,5.2,139,132,149,True
danger,5.2,140,130,141,True
danger,5.2,159,135,132,True
danger,5.2,156,132,130,True
danger,5.2,154,132,130,True
danger,5.2,154,132,133,True
danger,5.2,156,131,129,True
danger,5.2,154,132,135,True
danger,5.2,153,132,131,True
danger,5.2,157,132,126,True
danger,5.2,160,134,128,True
danger,5.2,157,131,127,True
danger,5.2,151,144,154,True
danger,5.2,151,142,149,True
danger,5.2,155,145,152,True
danger,5.2,157,144,145,True
danger,5.2,151,144,154,True
danger,5.2,155,146,153,True
danger,5.2,155,145,150,True
danger,5.2,152,142,146,True
danger,5.2,154,142,147,True
danger,5.2,156,144,147,True
danger,5.2,159,149,152,True
danger,5.2,158,147,152,True
danger,5.2,157,146,150,True
danger,5.2,156,148,154,True
danger,5.2,160,149,151,True
danger,5.2,157,148,153,True
danger,5.2,157,149,156,True
danger,5.2,160,151,157,True
danger,5.2,155,146,152,True
danger,5.2,156,149,155,True
danger,5.2,159,149,151,True
danger,5.2,156,149,155,True
danger,5.2,156,147,153,True
danger,5.2,155,147,153,True
danger,5.2,155,148,156,True
danger,5.2,156,148,154,True
danger,5.2,159,149,153,True
danger,5.2,151,145,155,True
danger,5.2,164,150,147,True
danger,5.2,156,148,153,True
danger,5.2,157,147,150,True
danger,5.2,160,151,154,True
danger,5.2,157,149,154,True
danger,5.2,157,149,154,True
danger,5.2,156,149,154,True
danger,5.2,159,149,150,True
danger,5.2,159,149,151,True
danger,5.2,155,148,154,True
danger,5.2,157,148,153,True
danger,5.2,160,150,152,True
danger,5.3,147,136,160,True
danger,5.3,155,133,148,True
danger,5.3,143,135,149,True
danger,5.3,154,142,147,True
danger,5.3,148,140,154,True
danger,5.3,151,141,150,True
danger,5.3,152,142,153,True
danger,5.3,151,140,149,True
danger,5.3,125,109,124,False
danger,5.3,147,117,117,False
danger,5.3,153,140,145,True
danger,5.3,163,138,123,True
danger,5.3,156,127,132,True
danger,5.3,141,113,123,False
danger,5.3,143,119,125,True
danger,5.3,133,110,118,False
danger,5.3,143,116,123,True
danger,5.3,142,114,119,False
danger,5.3,147,139,151,True
danger,5.3,146,138,151,True
danger,5.3,144,134,149,True
danger,5.3,146,136,146,True
danger,5.3,145,136,152,True
danger,5.3,145,134,148,True
danger,5.3,146,135,149,True
danger,5.3,150,135,138,True
danger,5.3,145,135,151,True
danger,5.3,144,133,147,True
danger,5.3,145,133,145,True
danger,5.3,142,133,150,True
danger,5.3,145,134,147,True
danger,5.3,147,134,145,True
danger,5.3,142,130,140,True
danger,5.3,140,131,145,True
danger,5.3,141,132,146,True
danger,5.3,139,129,143,True
danger,5.3,161,135,128,True
danger,5.3,159,140,141,True
danger,5.3,151,137,149,True
danger,5.3,147,133,144,True
danger,5.3,144,134,141,True
danger,5.3,159,144,146,True
danger,5.3,152,141,147,True
danger,5.3,161,148,150,True
danger,5.3,152,140,144,True
danger,5.3,145,137,149,True
danger,5.3,145,137,150,True
danger,5.3,153,137,134,True
danger,5.3,152,139,141,True
danger,5.3,149,140,151,True
danger,5.3,153,141,151,True
danger,5.3,154,139,145,True
danger,5.3,155,138,142,True
danger,5.3,153,137,143,True
danger,5.3,158,140,142,True
danger,5.3,157,139,139,True
danger,5.3,159,141,139,True
danger,5.3,159,141,141,True
danger,5.3,158,142,143,True
danger,5.3,152,139,148,True
danger,5.3,162,147,149,True
danger,5.3,153,143,155,True
danger,5.3,154,141,149,True
danger,5.3,160,139,138,True
danger,5.3,158,140,143,True
danger,5.3,163,148,149,True
danger,5.3,168,149,145,True
danger,5.3,161,145,144,True
danger,5.3,161,146,146,True
danger,5.3,163,148,148,True
danger,5.3,135,134,141,True
danger,5.3,162,148,149,True
danger,5.3,159,145,146,True
danger,5.3,160,147,149,True
danger,5.3,159,146,151,True
danger,5.3,180,169,171,False
danger,5.3,176,164,168,False
danger,5.3,213,205,206,False
danger,5.3,176,169,171,False
danger,5.3,157,147,147,True
danger,5.3,155,138,142,True
danger,5.3,168,163,165,True
danger,5.3,170,165,167,False
danger,5.3,175,169,172,False
danger,5.3,167,162,167,True
danger,5.3,156,139,143,True
danger,5.3,158,141,142,True
danger,5.3,153,137,139,True
danger,5.3,158,139,139,True
danger,5.3,157,141,145,True
danger,5.3,153,137,143,True
danger,5.3,157,140,144,True
danger,5.3,161,142,142,True
danger,5.3,157,139,141,True
danger,5.3,156,139,142,True
danger,5.3,155,139,144,True
danger,5.3,154,138,143,True
danger,5.3,154,137,141,True
danger,5.3,150,135,143,True
danger,5.3,152,136,142,True
danger,5.4,157,147,153,True
danger,5.4,154,139,147,True
danger,5.4,143,128,141,True
danger,5.4,151,132,136,True
danger,5.4,150,131,134,True
danger,5.4,151,132,136,True
danger,5.4,143,131,142,True
danger,5.4,144,131,140,True
danger,5.4,141,129,147,False
danger,5.4,151,138,149,True
danger,5.4,145,128,135,True
danger,5.4,138,125,137,False
danger,5.4,156,142,146,True
danger,5.4,169,159,167,False
danger,5.4,161,147,150,True
danger,5.4,159,149,155,True
danger,5.4,160,149,157,True
danger,5.4,159,149,155,True
danger,5.4,160,149,157,True
danger,5.4,139,126,136,False
danger,5.4,148,137,146,True
danger,5.4,155,142,142,True
danger,5.4,159,150,160,True
danger,5.4,159,143,145,True
danger,5.4,151,138,147,True
danger,5.4,152,139,143,True
danger,5.4,151,141,150,True
danger,5.4,144,138,155,True
danger,5.4,143,138,156,True
danger,5.4,140,136,155,False
danger,5.4,151,134,140,True
danger,5.4,148,139,147,True
danger,5.4,159,137,131,True
danger,5.4,150,136,144,True
danger,5.4,149,138,151,True
danger,5.4,146,137,153,True
danger,5.4,159,141,139,True
danger,5.4,146,141,158,True
danger,5.4,148,138,151,True
danger,5.4,147,137,150,True
danger,5.4,161,150,154,True
danger,5.4,156,141,142,True
danger,5.4,158,141,144,True
danger,5.4,145,141,160,True
danger,5.4,152,139,144,True
danger,5.4,148,139,154,True
danger,5.4,155,142,146,True
danger,5.4,148,137,152,True
danger,5.4,157,143,151,True
danger,5.4,161,148,153,True
danger,5.4,156,130,131,True
danger,5.4,153,127,128,True
danger,5.4,146,123,134,True
danger,5.4,150,125,135,True
danger,5.4,161,130,127,False
danger,5.4,157,127,123,False
danger,5.4,158,130,128,True
danger,5.4,153,129,133,True
danger,5.4,157,130,129,True
danger,5.4,155,128,129,True
danger,5.4,160,147,152,True
danger,5.4,158,143,148,True
danger,5.4,155,140,145,True
danger,5.4,159,145,149,True
danger,5.4,155,142,148,True
danger,5.4,157,142,148,True
danger,5.4,163,148,151,True
danger,5.4,160,144,151,True
danger,5.4,159,147,153,True
danger,5.4,157,142,148,True
danger,5.4,146,125,135,True
danger,5.4,148,128,139,True
danger,5.4,149,126,138,True
danger,5.4,147,125,138,True
danger,5.4,145,123,139,True
danger,5.4,149,126,141,True
danger,5.4,150,126,141,True
danger,5.4,150,127,139,True
danger,5.4,150,127,134,True
danger,5.4,150,126,132,True
danger,5.4,154,137,143,True
danger,5.4,155,135,140,True
danger,5.4,153,138,147,True
danger,5.4,155,135,141,True
danger,5.4,155,135,141,True
danger,5.4,155,137,143,True
danger,5.4,153,135,144,True
danger,5.4,155,137,146,True
danger,5.4,155,139,147,True
danger,5.4,154,138,145,True
danger,5.4,155,135,141,True
danger,5.4,154,135,143,True
danger,5.4,153,135,144,True
danger,5.4,153,135,145,True
danger,5.4,154,134,140,True
danger,5.4,154,135,143,True
danger,5.4,151,133,143,True
danger,5.4,155,135,142,True
danger,5.4,152,134,143,True
danger,5.4,154,136,143,True
danger,5.5,149,135,154,True
danger,5.5,144,135,164,False
danger,5.5,143,112,129,False
danger,5.5,141,113,129,False
danger,5.5,134,114,145,False
danger,5.5,146,122,140,True
danger,5.5,153,131,154,True
danger,5.5,143,121,141,True
danger,5.5,154,133,152,True
danger,5.5,155,133,141,True
danger,5.5,145,127,150,True
danger,5.5,140,122,143,True
danger,5.5,149,138,157,True
danger,5.5,155,137,147,True
danger,5.5,158,141,154,True
danger,5.5,159,139,145,True
danger,5.5,151,137,155,True
danger,5.5,150,136,150,True
danger,5.5,147,135,155,True
danger,5.5,154,131,148,True
danger,5.5,145,130,151,True
danger,5.5,145,132,159,False
danger,5.5,142,128,153,True
danger,5.5,144,132,156,True
danger,5.5,149,133,148,True
danger,5.5,146,131,152,True
danger,5.5,148,130,146,True
danger,5.5,144,132,158,False
danger,5.5,143,131,156,True
danger,5.5,143,126,148,True
danger,5.5,139,119,139,True
danger,5.5,144,126,144,True
danger,5.5,136,114,139,False
danger,5.5,135,118,144,False
danger,5.5,135,116,141,False
danger,5.5,136,119,143,False
danger,5.5,139,120,141,True
danger,5.5,139,119,138,True
danger,5.5,139,120,142,True
danger,5.5,147,121,132,True
danger,5.5,152,130,139,True
danger,5.5,146,128,143,True
danger,5.5,147,127,145,True
danger,5.5,150,129,145,True
danger,5.5,149,128,144,True
danger,5.5,143,124,143,True
danger,5.5,147,124,138,True
danger,5.5,145,125,142,True
danger,5.5,148,124,134,True
danger,5.5,146,125,139,True
danger,5.5,154,132,137,True
danger,5.5,151,132,141,True
danger,5.5,160,134,133,True
danger,5.5,157,134,137,True
danger,5.5,153,131,137,True
danger,5.5,158,134,138,True
danger,5.5,151,132,141,True
danger,5.5,158,134,136,True
danger,5.5,156,134,140,True
danger,5.5,152,132,139,True
danger,5.5,153,134,142,True
danger,5.5,154,135,144,True
danger,5.5,153,135,144,True
danger,5.5,151,132,141,True
danger,5.5,151,133,143,True
danger,5.5,150,132,142,True
danger,5.5,150,133,144,True
danger,5.5,152,134,143,True
danger,5.5,154,136,146,True
danger,5.5,149,132,143,True
danger,5.5,153,138,148,True
danger,5.5,153,135,144,True
danger,5.5,152,136,149,True
danger,5.5,153,136,147,True
danger,5.5,156,138,146,True
danger,5.5,153,137,147,True
danger,5.5,151,136,145,True
danger,5.5,152,135,146,True
danger,5.5,155,137,143,True
danger,5.5,155,140,150,True
danger,5.5,161,143,148,True
danger,5.5,156,138,143,True
danger,5.5,157,137,140,True
danger,5.5,159,140,144,True
danger,5.5,158,141,146,True
danger,5.5,157,142,150,True
danger,5.5,160,141,145,True
danger,5.5,158,142,149,True
danger,5.5,159,141,145,True
danger,5.5,158,143,151,True
danger,5.5,156,139,146,True
danger,5.5,153,135,145,True
danger,5.5,149,132,143,True
danger,5.5,155,134,142,True
danger,5.5,152,134,144,True
danger,5.5,155,136,140,True
danger,5.5,151,135,144,True
danger,5.5,154,137,145,True
danger,5.5,162,136,134,True
danger,5.5,154,135,143,True
danger,5.6,164,151,157,False
danger,5.6,162,149,155,False
danger,5.6,158,135,146,True
danger,5.6,159,137,151,True
danger,5.6,156,141,160,False
danger,5.6,155,136,148,True
danger,5.6,148,132,146,True
danger,5.6,150,129,136,True
danger,5.6,149,129,142,True
danger,5.6,163,150,156,False
danger,5.6,149,131,146,True
danger,5.6,147,130,146,True
danger,5.6,163,150,152,False
danger,5.6,162,147,150,True
danger,5.6,161,147,155,True
danger,5.6,161,149,157,False
danger,5.6,163,150,158,False
danger,5.6,166,152,157,False
danger,5.6,164,152,159,False
danger,5.6,150,131,145,True
danger,5.6,148,134,149,True
danger,5.6,148,135,150,True
danger,5.6,146,133,153,True
danger,5.6,149,133,144,True
danger,5.6,155,133,139,True
danger,5.6,138,132,157,False
danger,5.6,147,134,149,True
danger,5.6,143,132,154,True
danger,5.6,148,132,146,True
danger,5.6,153,134,138,True
danger,5.6,148,132,142,True
danger,5.6,148,131,139,True
danger,5.6,151,132,142,True
danger,5.6,150,132,143,True
danger,5.6,151,134,143,True
danger,5.6,150,133,141,True
danger,5.6,145,129,138,True
danger,5.6,154,135,140,True
danger,5.6,147,132,146,True
danger,5.6,146,128,135,True
danger,5.6,145,127,137,True
danger,5.6,146,130,140,True
danger,5.6,137,125,146,False
danger,5.6,137,125,144,False
danger,5.6,137,128,153,False
danger,5.6,145,126,136,True
danger,5.6,153,128,127,False
danger,5.6,143,128,146,True
danger,5.6,151,132,141,True
danger,5.6,149,131,142,True
danger,5.6,151,134,147,True
danger,5.6,154,134,144,True
danger,5.6,152,133,144,True
danger,5.6,151,132,144,True
danger,5.6,152,133,145,True
danger,5.6,152,134,146,True
danger,5.6,154,135,146,True
danger,5.6,150,133,146,True
danger,5.6,149,132,146,True
danger,5.6,152,133,144,True
danger,5.6,150,133,157,True
danger,5.6,153,134,146,True
danger,5.6,152,133,144,True
danger,5.6,151,134,148,True
danger,5.6,150,133,145,True
danger,5.6,152,132,142,True
danger,5.6,151,135,149,True
danger,5.6,149,132,153,True
danger,5.6,152,134,156,True
danger,5.6,149,131,150,True
danger,5.6,153,131,142,True
danger,5.6,155,132,142,True
danger,5.6,153,129,142,True
danger,5.6,151,128,142,True
danger,5.6,153,131,143,True
danger,5.6,155,131,140,True
danger,5.6,155,133,145,True
danger,5.6,155,132,141,True
danger,5.6,154,132,143,True
danger,5.6,153,133,147,True
danger,5.6,156,143,156,True
danger,5.6,156,137,145,True
danger,5.6,158,142,150,True
danger,5.6,161,144,152,True
danger,5.6,155,142,155,True
danger,5.6,156,143,155,True
danger,5.6,155,139,148,True
danger,5.6,158,144,155,True
danger,5.6,161,150,160,False
danger,5.6,157,146,156,True
danger,5.6,152,131,144,True
danger,5.6,150,130,144,True
danger,5.6,153,132,144,True
danger,5.6,149,131,145,True
danger,5.6,153,132,144,True
danger,5.6,157,131,137,True
danger,5.6,156,132,140,True
danger,5.6,157,131,137,True
danger,5.6,153,130,141,True
danger,5.6,151,129,140,True
warning,5.7,143,124,143,True
warning,5.7,134,113,132,True
warning,5.7,152,133,144,True
warning,5.7,157,135,143,True
warning,5.7,151,129,139,True
warning,5.7,159,141,158,True
warning,5.7,148,134,151,True
warning,5.7,145,132,152,True
warning,5.7,145,130,150,True
warning,5.7,108,84,107,False
warning,5.7,146,129,152,True
warning,5.7,138,125,149,True
warning,5.7,141,114,132,True
warning,5.7,136,113,136,True
warning,5.7,140,117,139,True
warning,5.7,141,118,138,True
warning,5.7,142,121,137,True
warning,5.7,147,121,132,True
warning,5.7,145,126,145,True
warning,5.7,146,132,153,True
warning,5.7,143,122,138,True
warning,5.7,140,119,136,True
warning,5.7,147,129,156,True
warning,5.7,156,131,146,True
warning,5.7,139,122,146,True
warning,5.7,142,122,138,True
warning,5.7,140,122,142,True
warning,5.7,143,124,142,True
warning,5.7,145,121,133,True
warning,5.7,145,123,138,True
warning,5.7,133,121,153,True
warning,5.7,139,122,141,True
warning,5.7,143,126,148,True
warning,5.7,138,122,147,True
warning,5.7,141,122,139,True
warning,5.7,143,124,143,True
warning,5.7,139,123,143,True
warning,5.7,130,122,158,False
warning,5.7,138,123,145,True
warning,5.7,134,125,158,True
warning,5.7,156,133,141,True
warning,5.7,162,134,132,True
warning,5.7,145,128,148,True
warning,5.7,143,131,158,True
warning,5.7,142,131,155,True
warning,5.7,141,129,150,True
warning,5.7,148,136,158,True
warning,5.7,141,128,153,True
warning,5.7,150,130,144,True
warning,5.7,160,133,135,True
warning,5.7,162,144,155,True
warning,5.7,161,144,154,True
warning,5.7,164,144,154,True
warning,5.7,163,144,155,True
warning,5.7,163,145,154,True
warning,5.7,162,145,155,True
warning,5.7,160,143,152,True
warning,5.7,160,144,155,True
warning,5.7,162,144,153,True
warning,5.7,166,147,153,True
warning,5.7,156,137,147,True
warning,5.7,157,135,145,True
warning,5.7,159,137,149,True
warning,5.7,158,138,155,True
warning,5.7,158,137,151,True
warning,5.7,158,139,154,True
warning,5.7,155,135,150,True
warning,5.7,160,141,153,True
warning,5.7,161,137,144,True
warning,5.7,154,135,145,True
warning,5.7,153,131,150,True
warning,5.7,157,131,141,True
warning,5.7,154,131,146,True
warning,5.7,155,130,141,True
warning,5.7,155,130,144,True
warning,5.7,153,130,146,True
warning,5.7,158,133,145,True
warning,5.7,158,134,146,True
warning,5.7,156,134,149,True
warning,5.7,164,133,141,True
warning,5.7,156,138,150,True
warning,5.7,158,136,145,True
warning,5.7,158,137,149,True
warning,5.7,153,136,149,True
warning,5.7,152,134,149,True
warning,5.7,155,137,150,True
warning,5.7,154,136,148,True
warning,5.7,151,135,154,True
warning,5.7,150,134,150,True
warning,5.7,154,135,149,True
warning,5.7,147,122,143,True
warning,5.7,144,121,142,True
warning,5.7,143,120,140,True
warning,5.7,146,122,142,True
warning,5.7,145,121,141,True
warning,5.7,146,122,142,True
warning,5.7,144,118,141,True
warning,5.7,143,119,145,True
warning,5.7,144,118,141,True
warning,5.7,146,122,141,True
warning,5.8,164,147,159,True
warning,5.8,155,133,149,True
warning,5.8,141,122,143,True
warning,5.8,142,120,137,True
warning,5.8,152,130,145,True
warning,5.8,152,130,149,True
warning,5.8,152,130,149,True
warning,5.8,146,124,143,True
warning,5.8,136,118,145,False
warning,5.8,144,128,153,True
warning,5.8,151,129,151,True
warning,5.8,144,129,163,True
warning,5.8,156,138,156,True
warning,5.8,153,131,139,True
warning,5.8,179,168,183,False
warning,5.8,164,151,163,False
warning,5.8,165,150,164,False
warning,5.8,164,146,160,True
warning,5.8,170,149,158,False
warning,5.8,145,130,160,True
warning,5.8,161,128,128,False
warning,5.8,141,129,158,True
warning,5.8,158,132,135,True
warning,5.8,156,131,139,True
warning,5.8,155,132,147,True
warning,5.8,155,132,139,True
warning,5.8,149,132,148,True
warning,5.8,156,135,145,True
warning,5.8,152,135,151,True
warning,5.8,156,132,142,True
warning,5.8,145,127,145,True
warning,5.8,147,126,140,True
warning,5.8,145,130,151,True
warning,5.8,140,127,152,True
warning,5.8,146,129,147,True
warning,5.8,145,128,146,True
warning,5.8,139,125,159,True
warning,5.8,146,124,141,True
warning,5.8,141,127,150,True
warning,5.8,152,130,140,True
warning,5.8,148,127,148,True
warning,5.8,152,129,142,True
warning,5.8,143,122,139,True
warning,5.8,136,120,142,False
warning,5.8,150,131,149,True
warning,5.8,142,125,146,True
warning,5.8,148,130,146,True
warning,5.8,143,125,143,True
warning,5.8,147,125,134,True
warning,5.8,141,119,138,True
warning,5.8,145,126,156,True
warning,5.8,151,127,148,True
warning,5.8,148,126,150,True
warning,5.8,141,118,145,True
warning,5.8,141,120,154,True
warning,5.8,158,125,136,True
warning,5.8,146,124,151,True
warning,5.8,151,127,151,True
warning,5.8,143,124,154,True
warning,5.8,144,124,151,True
warning,5.8,149,132,163,True
warning,5.8,147,126,156,True
warning,5.8,152,128,151,True
warning,5.8,165,136,151,True
warning,5.8,151,129,157,True
warning,5.8,150,127,156,True
warning,5.8,155,128,150,True
warning,5.8,156,128,149,True
warning,5.8,154,132,155,True
warning,5.8,158,133,153,True
warning,5.8,156,128,145,True
warning,5.8,156,130,146,True
warning,5.8,155,129,149,True
warning,5.8,155,129,149,True
warning,5.8,151,126,148,True
warning,5.8,146,128,157,True
warning,5.8,151,127,150,True
warning,5.8,156,127,143,True
warning,5.8,157,128,143,True
warning,5.8,152,127,149,True
warning,5.8,160,150,170,False
warning,5.8,163,148,163,True
warning,5.8,160,150,172,False
warning,5.8,159,146,167,True
warning,5.8,160,147,170,True
warning,5.8,158,145,166,True
warning,5.8,158,145,166,True
warning,5.8,161,148,160,True
warning,5.8,161,150,170,False
warning,5.8,158,150,170,False
warning,5.8,154,137,162,True
warning,5.8,154,138,164,True
warning,5.8,154,136,161,True
warning,5.8,152,135,161,True
warning,5.8,151,133,158,True
warning,5.8,154,137,163,True
warning,5.8,154,135,158,True
warning,5.8,155,137,161,True
warning,5.8,155,137,161,True
warning,5.8,154,136,160,True
warning,5.9,152,128,150,True
warning,5.9,144,118,144,True
warning,5.9,150,125,139,True
warning,5.9,162,131,136,True
warning,5.9,152,130,153,True
warning,5.9,155,132,150,True
warning,5.9,149,126,142,True
warning,5.9,153,129,145,True
warning,5.9,154,130,146,True
warning,5.9,138,115,153,True
warning,5.9,152,130,147,True
warning,5.9,151,128,149,True
warning,5.9,165,147,174,False
warning,5.9,162,136,152,True
warning,5.9,148,129,155,True
warning,5.9,145,130,164,True
warning,5.9,143,125,154,True
warning,5.9,142,121,145,True
warning,5.9,156,132,150,True
warning,5.9,150,129,150,True
warning,5.9,130,110,141,True
warning,5.9,131,112,146,True
warning,5.9,139,114,142,True
warning,5.9,141,116,140,True
warning,5.9,145,114,134,True
warning,5.9,145,119,144,True
warning,5.9,144,120,147,True
warning,5.9,149,120,146,True
warning,5.9,145,114,131,True
warning,5.9,138,112,135,True
warning,5.9,149,130,149,True
warning,5.9,149,128,144,True
warning,5.9,141,130,161,True
warning,5.9,146,128,150,True
warning,5.9,151,128,145,True
warning,5.9,152,132,149,True
warning,5.9,150,126,142,True
warning,5.9,150,128,144,True
warning,5.9,145,127,148,True
warning,5.9,146,129,151,True
warning,5.9,138,115,144,True
warning,5.9,149,117,130,True
warning,5.9,142,119,141,True
warning,5.9,136,118,151,True
warning,5.9,140,116,137,True
warning,5.9,146,118,138,True
warning,5.9,147,123,143,True
warning,5.9,148,124,144,True
warning,5.9,140,119,142,True
warning,5.9,141,116,139,True
warning,5.9,153,125,155,True
warning,5.9,140,114,152,True
warning,5.9,143,115,152,True
warning,5.9,137,115,159,True
warning,5.9,147,118,149,True
warning,5.9,142,118,152,True
warning,5.9,149,120,151,True
warning,5.9,145,123,159,True
warning,5.9,147,121,157,True
warning,5.9,146,120,159,True
warning,5.9,124,88,118,False
warning,5.9,108,78,126,False
warning,5.9,113,80,118,False
warning,5.9,114,79,119,False
warning,5.9,116,83,123,False
warning,5.9,127,86,112,False
warning,5.9,125,85,111,False
warning,5.9,127,85,113,False
warning,5.9,121,84,115,False
warning,5.9,125,87,115,False
warning,5.9,149,125,154,True
warning,5.9,145,120,153,True
warning,5.9,146,119,149,True
warning,5.9,149,123,148,True
warning,5.9,151,126,152,True
warning,5.9,147,122,150,True
warning,5.9,145,119,147,True
warning,5.9,149,127,154,True
warning,5.9,148,123,152,True
warning,5.9,151,126,153,True
warning,5.9,141,116,148,True
warning,5.9,145,119,147,True
warning,5.9,148,121,149,True
warning,5.9,148,119,147,True
warning,5.9,142,118,154,True
warning,5.9,142,117,149,True
warning,5.9,142,118,153,True
warning,5.9,136,118,160,True
warning,5.9,141,122,158,True
warning,5.9,141,118,149,True
warning,5.9,148,119,142,True
warning,5.9,141,116,143,True
warning,5.9,138,116,149,True
warning,5.9,144,118,145,True
warning,5.9,138,115,145,True
warning,5.9,139,117,151,True
warning,5.9,140,117,146,True
warning,5.9,142,117,145,True
warning,5.9,147,118,136,True
warning,5.9,141,115,144,True
warning,6.0,153,135,156,True
warning,6.0,158,137,153,True
warning,6.0,172,128,124,False
warning,6.0,164,132,137,False
warning,6.0,159,133,150,True
warning,6.0,155,128,144,True
warning,6.0,149,127,146,True
warning,6.0,140,129,167,True
warning,6.0,133,121,165,False
warning,6.0,153,132,153,True
warning,6.0,134,122,166,False
warning,6.0,141,126,161,True
warning,6.0,155,139,161,True
warning,6.0,153,135,156,True
warning,6.0,152,133,153,True
warning,6.0,152,136,156,True
warning,6.0,151,134,153,True
warning,6.0,154,135,154,True
warning,6.0,155,135,151,True
warning,6.0,143,122,154,True
warning,6.0,149,132,157,True
warning,6.0,144,127,153,True
warning,6.0,151,131,149,True
warning,6.0,151,128,146,True
warning,6.0,145,129,154,True
warning,6.0,146,124,143,True
warning,6.0,152,136,165,True
warning,6.0,150,130,153,True
warning,6.0,151,132,161,True
warning,6.0,165,137,149,False
warning,6.0,145,124,153,True
warning,6.0,143,123,152,True
warning,6.0,146,125,153,True
warning,6.0,148,127,155,True
warning,6.0,148,124,149,True
warning,6.0,146,124,151,True
warning,6.0,143,125,157,True
warning,6.0,147,126,155,True
warning,6.0,145,124,152,True
warning,6.0,143,123,154,True
warning,6.0,141,128,156,True
warning,6.0,146,125,142,True
warning,6.0,159,132,143,True
warning,6.0,164,131,135,False
warning,6.0,159,132,140,True
warning,6.0,157,133,145,True
warning,6.0,145,122,139,True
warning,6.0,158,130,137,False
warning,6.0,150,129,146,True
warning,6.0,149,131,151,True
warning,6.0,159,138,167,True
warning,6.0,150,133,168,True
warning,6.0,149,131,166,True
warning,6.0,157,135,164,True
warning,6.0,155,134,164,True
warning,6.0,157,135,164,True
warning,6.0,157,135,164,True
warning,6.0,156,135,163,True
warning,6.0,154,134,164,True
warning,6.0,157,135,163,True
warning,6.0,153,134,165,True
warning,6.0,154,134,165,True
warning,6.0,153,134,167,True
warning,6.0,148,133,171,True
warning,6.0,147,133,173,True
warning,6.0,149,132,169,True
warning,6.0,148,136,177,False
warning,6.0,148,131,165,True
warning,6.0,147,131,168,True
warning,6.0,154,136,169,True
warning,6.0,153,135,168,True
warning,6.0,156,134,162,True
warning,6.0,155,134,164,True
warning,6.0,156,133,162,True
warning,6.0,150,133,165,True
warning,6.0,151,133,167,True
warning,6.0,153,134,164,True
warning,6.0,155,135,164,True
warning,6.0,151,134,166,True
warning,6.0,149,133,167,True
warning,6.0,154,124,151,True
warning,6.0,146,122,158,True
warning,6.0,151,123,154,True
warning,6.0,149,122,154,True
warning,6.0,149,120,150,True
warning,6.0,144,121,160,True
warning,6.0,151,123,154,True
warning,6.0,148,121,154,True
warning,6.0,152,124,155,True
warning,6.0,143,122,165,True
warning,6.0,144,126,169,True
warning,6.0,145,126,166,True
warning,6.0,147,126,163,True
warning,6.0,151,128,160,True
warning,6.0,148,127,165,True
warning,6.0,150,126,160,True
warning,6.0,148,124,156,True
warning,6.0,154,128,157,True
warning,6.0,149,126,161,True
warning,6.0,149,127,164,True
safe,6.1,150,132,164,True
safe,6.1,154,127,147,True
safe,6.1,142,122,156,True
safe,6.1,139,121,159,True
safe,6.1,142,121,155,True
safe,6.1,141,123,160,True
safe,6.1,140,121,158,True
safe,6.1,140,120,156,True
safe,6.1,144,118,144,True
safe,6.1,158,127,145,True
safe,6.1,135,118,157,True
safe,6.1,137,118,155,True
safe,6.1,145,128,162,True
safe,6.1,157,132,152,True
safe,6.1,156,132,152,True
safe,6.1,161,133,147,False
safe,6.1,160,133,149,False
safe,6.1,160,131,140,False
safe,6.1,156,133,156,True
safe,6.1,148,120,142,True
safe,6.1,147,126,156,True
safe,6.1,145,117,145,True
safe,6.1,148,123,155,True
safe,6.1,154,127,155,True
safe,6.1,154,126,158,True
safe,6.1,152,129,163,True
safe,6.1,152,127,156,True
safe,6.1,147,123,152,True
safe,6.1,151,124,150,True
safe,6.1,151,127,154,True
safe,6.1,149,121,142,True
safe,6.1,158,131,146,True
safe,6.1,140,115,146,True
safe,6.1,144,119,147,True
safe,6.1,150,123,145,True
safe,6.1,149,130,158,True
safe,6.1,147,124,154,True
safe,6.1,148,124,149,True
safe,6.1,148,123,146,True
safe,6.1,144,121,149,True
safe,6.1,139,116,149,True
safe,6.1,149,127,160,True
safe,6.1,132,105,143,False
safe,6.1,131,104,143,False
safe,6.1,132,106,145,False
safe,6.1,134,110,149,True
safe,6.1,134,110,147,True
safe,6.1,132,108,146,False
safe,6.1,143,114,141,True
safe,6.1,142,117,145,True
safe,6.1,153,135,172,True
safe,6.1,155,134,167,True
safe,6.1,154,133,165,True
safe,6.1,151,130,164,True
safe,6.1,151,132,169,True
safe,6.1,154,132,166,True
safe,6.1,149,130,167,True
safe,6.1,153,132,166,True
safe,6.1,152,133,171,True
safe,6.1,148,133,175,False
safe,6.1,141,118,162,True
safe,6.1,140,114,159,True
safe,6.1,138,114,160,True
safe,6.1,141,116,162,True
safe,6.1,144,121,164,True
safe,6.1,141,118,161,True
safe,6.1,147,118,156,True
safe,6.1,143,118,158,True
safe,6.1,145,120,157,True
safe,6.1,149,121,156,True
safe,6.1,138,109,155,True
safe,6.1,140,112,155,True
safe,6.1,138,113,161,True
safe,6.1,147,115,155,True
safe,6.1,140,111,152,True
safe,6.1,144,113,155,True
safe,6.1,141,112,155,True
safe,6.1,140,110,150,True
safe,6.1,145,113,152,True
safe,6.1,141,111,152,True
safe,6.1,146,125,169,True
safe,6.1,152,124,156,True
safe,6.1,148,123,165,True
safe,6.1,142,120,166,True
safe,6.1,147,126,169,True
safe,6.1,146,124,165,True
safe,6.1,150,127,165,True
safe,6.1,146,124,166,True
safe,6.1,145,124,166,True
safe,6.1,147,126,169,True
safe,6.1,150,125,163,True
safe,6.1,149,122,162,True
safe,6.1,148,120,159,True
safe,6.1,146,118,159,True
safe,6.1,145,119,158,True
safe,6.1,149,125,166,True
safe,6.1,142,124,174,False
safe,6.1,151,125,164,True
safe,6.1,147,124,163,True
safe,6.1,152,128,163,True
safe,6.2,158,132,159,True
safe,6.2,141,127,177,True
safe,6.2,144,120,145,True
safe,6.2,147,120,139,True
safe,6.2,134,119,157,True
safe,6.2,145,124,153,True
safe,6.2,145,121,150,True
safe,6.2,135,121,163,True
safe,6.2,155,130,152,True
safe,6.2,156,127,145,True
safe,6.2,138,124,174,True
safe,6.2,144,128,171,True
safe,6.2,162,130,145,True
safe,6.2,154,130,155,True
safe,6.2,162,130,146,True
safe,6.2,161,130,148,True
safe,6.2,161,132,151,True
safe,6.2,161,131,149,True
safe,6.2,167,132,142,False
safe,6.2,131,122,178,True
safe,6.2,139,118,158,True
safe,6.2,133,116,162,True
safe,6.2,151,123,152,True
safe,6.2,140,124,163,True
safe,6.2,137,118,162,True
safe,6.2,133,118,165,True
safe,6.2,133,117,161,True
safe,6.2,137,119,160,True
safe,6.2,137,120,162,True
safe,6.2,138,118,158,True
safe,6.2,154,125,151,True
safe,6.2,151,122,149,True
safe,6.2,133,114,157,True
safe,6.2,143,115,150,True
safe,6.2,141,113,148,True
safe,6.2,147,119,142,True
safe,6.2,144,120,151,True
safe,6.2,153,122,142,True
safe,6.2,144,113,134,True
safe,6.2,148,122,154,True
safe,6.2,146,118,140,True
safe,6.2,164,132,142,True
safe,6.2,156,130,154,True
safe,6.2,155,131,156,True
safe,6.2,156,131,154,True
safe,6.2,158,132,153,True
safe,6.2,145,123,150,True
safe,6.2,144,122,153,True
safe,6.2,141,123,159,True
safe,6.2,143,126,166,True
safe,6.2,138,112,165,True
safe,6.2,143,112,153,True
safe,6.2,148,115,151,True
safe,6.2,143,113,154,True
safe,6.2,147,112,151,True
safe,6.2,136,108,156,True
safe,6.2,148,114,154,True
safe,6.2,146,115,153,True
safe,6.2,141,109,156,True
safe,6.2,140,114,167,True
safe,6.2,132,97,136,False
safe,6.2,158,103,122,False
safe,6.2,146,107,138,True
safe,6.2,132,99,140,False
safe,6.2,136,96,128,False
safe,6.2,127,95,135,False
safe,6.2,122,89,123,False
safe,6.2,125,93,132,False
safe,6.2,131,96,133,False
safe,6.2,128,93,132,False
safe,6.2,153,126,166,True
safe,6.2,147,116,162,True
safe,6.2,142,116,167,True
safe,6.2,148,123,169,True
safe,6.2,150,124,166,True
safe,6.2,151,125,166,True
safe,6.2,142,123,175,True
safe,6.2,149,122,161,True
safe,6.2,153,125,164,True
safe,6.2,148,125,172,True
safe,6.2,152,125,161,True
safe,6.2,155,130,168,True
safe,6.2,152,124,163,True
safe,6.2,152,129,172,True
safe,6.2,158,135,173,True
safe,6.2,158,135,172,True
safe,6.2,147,127,173,True
safe,6.2,153,131,170,True
safe,6.2,153,128,164,True
safe,6.2,154,130,166,True
safe,6.2,146,123,167,True
safe,6.2,146,125,173,True
safe,6.2,147,125,172,True
safe,6.2,145,128,179,True
safe,6.2,147,125,173,True
safe,6.2,145,124,170,True
safe,6.2,147,126,172,True
safe,6.2,146,125,174,True
safe,6.2,147,124,169,True
safe,6.2,147,126,171,True
safe,6.3,159,131,149,True
safe,6.3,160,130,146,True
safe,6.3,146,126,159,True
safe,6.3,148,127,160,True
safe,6.3,153,130,159,True
safe,6.3,150,129,162,True
safe,6.3,147,127,160,True
safe,6.3,150,129,160,True
safe,6.3,148,128,162,True
safe,6.3,148,129,166,True
safe,6.3,152,130,159,True
safe,6.3,161,131,148,True
safe,6.3,159,130,144,True
safe,6.3,150,128,160,True
safe,6.3,161,128,142,True
safe,6.3,144,127,168,True
safe,6.3,145,126,165,True
safe,6.3,146,129,167,True
safe,6.3,153,130,158,True
safe,6.3,154,130,155,True
safe,6.3,132,117,169,True
safe,6.3,138,125,176,True
safe,6.3,151,127,153,True
safe,6.3,150,127,154,True
safe,6.3,153,124,143,True
safe,6.3,156,127,146,True
safe,6.3,152,124,146,True
safe,6.3,133,118,167,True
safe,6.3,137,121,169,True
safe,6.3,135,118,167,True
safe,6.3,147,122,159,True
safe,6.3,149,123,156,True
safe,6.3,144,122,155,True
safe,6.3,147,125,162,True
safe,6.3,139,121,171,True
safe,6.3,148,123,154,True
safe,6.3,147,124,162,True
safe,6.3,148,125,163,True
safe,6.3,144,122,163,True
safe,6.3,144,123,166,True
safe,6.3,154,121,141,True
safe,6.3,149,122,150,True
safe,6.3,135,118,165,True
safe,6.3,142,121,162,True
safe,6.3,139,114,150,True
safe,6.3,142,115,148,True
safe,6.3,141,115,154,True
safe,6.3,133,115,162,True
safe,6.3,146,114,138,False
safe,6.3,150,124,153,True
safe,6.3,151,134,175,True
safe,6.3,150,133,173,True
safe,6.3,151,137,177,True
safe,6.3,154,134,168,True
safe,6.3,157,136,170,True
safe,6.3,157,138,175,True
safe,6.3,145,135,181,True
safe,6.3,153,135,175,True
safe,6.3,151,135,174,True
safe,6.3,153,135,171,True
safe,6.3,142,122,180,True
safe,6.3,149,117,162,True
safe,6.3,150,119,165,True
safe,6.3,145,118,169,True
safe,6.3,150,121,169,True
safe,6.3,151,121,167,True
safe,6.3,150,123,170,True
safe,6.3,146,120,174,True
safe,6.3,142,121,178,True
safe,6.3,144,123,179,True
safe,6.3,140,113,167,True
safe,6.3,129,93,151,False
safe,6.3,139,102,150,True
safe,6.3,133,98,152,True
safe,6.3,141,98,143,True
safe,6.3,133,104,156,True
safe,6.3,125,93,139,False
safe,6.3,124,96,149,False
safe,6.3,139,111,165,True
safe,6.3,142,112,162,True
safe,6.3,129,95,151,False
safe,6.3,129,94,148,False
safe,6.3,136,99,147,True
safe,6.3,128,93,143,False
safe,6.3,137,99,145,True
safe,6.3,133,98,149,True
safe,6.3,136,97,142,True
safe,6.3,139,99,146,True
safe,6.3,132,99,152,True
safe,6.3,134,99,152,True
safe,6.3,140,123,182,True
safe,6.3,147,117,164,True
safe,6.3,150,120,166,True
safe,6.3,153,124,165,True
safe,6.3,142,121,176,True
safe,6.3,148,121,172,True
safe,6.3,143,116,167,True
safe,6.3,153,123,170,True
safe,6.3,149,120,166,True
safe,6.3,145,121,176,True
safe,6.4,153,128,163,True
safe,6.4,149,119,159,True
safe,6.4,150,122,157,True
safe,6.4,160,121,141,True
safe,6.4,156,116,130,False
safe,6.4,158,115,124,False
safe,6.4,141,120,166,True
safe,6.4,158,119,136,True
safe,6.4,158,114,125,False
safe,6.4,146,107,124,False
safe,6.4,155,124,151,True
safe,6.4,164,129,143,True
safe,6.4,153,119,148,True
safe,6.4,173,144,176,False
safe,6.4,159,134,174,True
safe,6.4,149,125,167,True
safe,6.4,155,122,150,True
safe,6.4,162,127,146,True
safe,6.4,151,127,164,True
safe,6.4,159,122,139,True
safe,6.4,135,109,161,True
safe,6.4,136,114,169,True
safe,6.4,136,112,163,True
safe,6.4,133,111,165,True
safe,6.4,138,114,162,True
safe,6.4,142,114,159,True
safe,6.4,138,113,163,True
safe,6.4,139,114,164,True
safe,6.4,135,113,167,True
safe,6.4,139,112,164,True
safe,6.4,137,123,185,False
safe,6.4,141,124,173,True
safe,6.4,141,120,168,True
safe,6.4,139,124,176,True
safe,6.4,142,124,172,True
safe,6.4,141,124,174,True
safe,6.4,142,123,170,True
safe,6.4,148,121,161,True
safe,6.4,142,122,176,True
safe,6.4,139,122,175,True
safe,6.4,171,131,138,False
safe,6.4,171,134,145,False
safe,6.4,155,130,159,True
safe,6.4,171,133,142,False
safe,6.4,166,132,148,True
safe,6.4,172,132,139,False
safe,6.4,168,130,141,True
safe,6.4,175,131,132,False
safe,6.4,172,133,139,False
safe,6.4,176,133,136,False
safe,6.4,142,112,169,True
safe,6.4,144,113,166,True
safe,6.4,146,115,169,True
safe,6.4,143,113,166,True
safe,6.4,148,117,173,True
safe,6.4,141,111,170,True
safe,6.4,141,111,169,True
safe,6.4,137,111,177,True
safe,6.4,145,113,170,True
safe,6.4,143,111,168,True
safe,6.4,162,124,162,True
safe,6.4,160,122,158,True
safe,6.4,160,121,153,True
safe,6.4,144,119,175,True
safe,6.4,158,120,157,True
safe,6.4,159,120,156,True
safe,6.4,155,120,161,True
safe,6.4,157,121,161,True
safe,6.4,156,120,161,True
safe,6.4,151,120,166,True
safe,6.4,140,102,153,True
safe,6.4,142,102,155,True
safe,6.4,148,104,148,True
safe,6.4,140,103,156,True
safe,6.4,142,102,148,True
safe,6.4,142,103,155,True
safe,6.4,140,102,155,True
safe,6.4,143,105,160,True
safe,6.4,145,105,159,True
safe,6.4,143,102,152,True
safe,6.4,140,101,154,True
safe,6.4,144,103,153,True
safe,6.4,145,103,151,True
safe,6.4,142,100,147,True
safe,6.4,138,100,153,True
safe,6.4,135,105,168,True
safe,6.4,142,102,152,True
safe,6.4,141,100,149,True
safe,6.4,139,102,155,True
safe,6.4,142,103,156,True
safe,6.4,142,100,150,True
safe,6.4,140,90,143,False
safe,6.4,137,88,143,False
safe,6.4,138,93,148,True
safe,6.4,137,91,151,True
safe,6.4,133,89,154,False
safe,6.4,132,89,150,False
safe,6.4,138,92,147,True
safe,6.4,134,97,158,True
safe,6.4,147,101,152,True
